day,cumulative_returns_mean,cumulative_returns_std,cumulative_returns_min,cumulative_returns_max,cumulative_returns_median,date
0,0.00972083163950659,0.004274330353960416,0.004109328808967083,0.01680745449921428,0.010029464459385906,2024-01-01
1,0.007775476143468208,0.012348713619178647,-0.009393010793966594,0.028691903841389532,0.00458947167336321,2024-01-02
2,0.008223724365622664,0.0182937025160028,-0.014220755344890978,0.04038285879710135,0.00495608522568336,2024-01-03
3,0.0115225023778458,0.015295291866824955,-0.00733807844128509,0.036624408175491174,0.014460042937751272,2024-01-04
4,0.007351263554614751,0.022743762264152444,-0.026573438859392007,0.0405184645553196,0.00036148904261756876,2024-01-05
5,0.004992269011023476,0.022031966853308608,-0.02095478092037606,0.04174658093569361,-0.004344601143284943,2024-01-08
6,0.0063230378335543454,0.026277200059734954,-0.025567681719607882,0.046971833262417384,0.014492230253802862,2024-01-09
7,0.002159897791362586,0.023498207037970533,-0.028767795580594835,0.03487999339833103,0.007837666481512073,2024-01-10
8,-0.0002501172927337203,0.03694266168115375,-0.05191185728623693,0.0470796411804304,0.012727255082192634,2024-01-11
9,-0.008903670900324822,0.035670140823752555,-0.07571112075058728,0.02216971783720534,0.0033636991092207413,2024-01-12
10,-0.01296836945518134,0.047769550954802766,-0.08555132199716742,0.05007913424618948,-0.008156994500453818,2024-01-15
11,-0.01893230058232267,0.04665250502765666,-0.08648477577451663,0.0381929814847366,0.0007260286052725995,2024-01-16
12,-0.01876940248867629,0.04493099625994618,-0.08422695756630527,0.037141915084744515,-0.003946851337706447,2024-01-17
13,-0.017342045000254224,0.05436189424262304,-0.08628910202205409,0.05530421469805735,-0.03066843397069463,2024-01-18
14,-0.01841684340308918,0.055622581020256204,-0.08628896786467344,0.05552347588950357,-0.03812826203434205,2024-01-19
15,-0.02323895683378463,0.05772305713003747,-0.09168974038685729,0.051271152953164645,-0.04578770575476854,2024-01-22
16,-0.02947114221789864,0.04780320315865482,-0.10297935764138344,0.02552454429302098,-0.037068411044644534,2024-01-23
17,-0.013472464631654902,0.05322182143775455,-0.08300306859839679,0.06921414037194462,-0.023230287933718063,2024-01-24
18,-0.017017361980571088,0.06237905837926716,-0.09197033044897551,0.07887872461127254,-0.029701103075163382,2024-01-25
19,-0.02647567492502547,0.05977773549593146,-0.0921272111094078,0.05687792688665283,-0.047541442984909255,2024-01-26
20,-0.03833906213279512,0.057368470348507505,-0.09698919764904146,0.043754930468912656,-0.07496506927882507,2024-01-29
21,-0.039563179184149956,0.05602370217550857,-0.10166731293093278,0.03708066665386811,-0.06386753541059498,2024-01-30
22,-0.04477662941072853,0.053501580813557804,-0.10192500155154283,0.029822480665256945,-0.07774702480494444,2024-01-31
23,-0.048162332347199265,0.053206573833102205,-0.10572654524136949,0.03799795246147353,-0.07999910101278918,2024-02-01
24,-0.046862912310785855,0.05372780086841992,-0.10063547608285828,0.03731638900543044,-0.06740742225837626,2024-02-02
25,-0.04819404939308507,0.05903441981348243,-0.1204056135571816,0.03377141488508273,-0.07064245743141617,2024-02-05
26,-0.04696813326052289,0.06454780703866113,-0.12364648611647266,0.041792508653418325,-0.07350221297986692,2024-02-06
27,-0.04277011382743323,0.05819637837478424,-0.12398781318883112,0.042626322274561534,-0.052671076971062325,2024-02-07
28,-0.0460574002748545,0.05142852719078033,-0.12587048627309994,0.02722643545558867,-0.04106384488589521,2024-02-08
29,-0.04148525086363186,0.05869226683193098,-0.13371883151899222,0.03961712951664609,-0.021579089604514268,2024-02-09
30,-0.046472598066207224,0.05486236776859442,-0.13155857102248403,0.03952746917099437,-0.03934604682119047,2024-02-12
31,-0.03608629821710676,0.06339165613354988,-0.11970744689431356,0.07199233420891793,-0.04879165427222809,2024-02-13
32,-0.028484702379619375,0.07167974781681086,-0.12066905258015681,0.0994393404385907,-0.034788073870139824,2024-02-14
33,-0.03495764843400288,0.06252961743704138,-0.12243716481246947,0.07281289504565813,-0.045547680947311764,2024-02-15
34,-0.04166512921536336,0.05452681355509283,-0.12080337434391974,0.050570701532255624,-0.04376807418311812,2024-02-16
35,-0.03951861862210402,0.05661583651399631,-0.1205064944585017,0.055428187981933164,-0.04923670428152427,2024-02-19
36,-0.04389824145355501,0.0576008845165451,-0.1308026258002577,0.0469159559405965,-0.054242188564627036,2024-02-20
37,-0.038197057960662195,0.06094466241196639,-0.13350034903720165,0.05576270947053619,-0.043093894020476364,2024-02-21
38,-0.037441623536472665,0.0647336125524927,-0.1419896087460949,0.060380666314561626,-0.03554857893442687,2024-02-22
39,-0.03500014494748675,0.06349740234129841,-0.14526806140916293,0.04833979487886264,-0.029041182161705592,2024-02-23
40,-0.0276812018767717,0.06267509580030843,-0.1415861722071855,0.034952635033772106,0.0002305137876956742,2024-02-26
41,-0.027907545865034723,0.06821715143279206,-0.14038655947518197,0.06568018985897517,-0.018460275128033055,2024-02-27
42,-0.03188208905915357,0.07780404687768995,-0.1437251833299239,0.07853783886095433,-0.02077167417478576,2024-02-28
43,-0.03727829165342815,0.06495867988445891,-0.13089908009635998,0.05669719893989922,-0.01644729171498638,2024-02-29
44,-0.030156743721890346,0.06180846677915347,-0.12974966651161368,0.05607064116621285,-0.013205986548163962,2024-03-01
45,-0.02955850880689357,0.06952712169922212,-0.14885831631337543,0.05089463248305881,-0.001853329860344255,2024-03-04
46,-0.02431105003660048,0.07244116863799527,-0.1491606341857803,0.05184145843716759,0.01491560171519457,2024-03-05
47,-0.029428789500113406,0.06835526040436604,-0.1375480048078307,0.054111491349152496,0.0020843096269780315,2024-03-06
48,-0.03265453441848887,0.060934467539041,-0.128235665160793,0.027676913098418465,0.00022936704391174345,2024-03-07
49,-0.03202056491516425,0.05783051188591525,-0.11936972053232431,0.02783285333210639,-0.011182304490649608,2024-03-08
50,-0.033186692179361724,0.061570307472329215,-0.12228766527359747,0.04119077054659326,-0.001469791698441858,2024-03-11
51,-0.034508537568893646,0.05888522437763565,-0.12243655222774363,0.032806864613240005,-0.0023881368066515085,2024-03-12
52,-0.03083903162049937,0.055868373561380094,-0.12212949508570492,0.029827262014679112,-2.6120690061581797e-05,2024-03-13
53,-0.020654444130217286,0.05737505266712291,-0.12068556650675022,0.024575858718727916,0.01830964227467402,2024-03-14
54,-0.00978073225614311,0.05815088718126491,-0.10546326089532276,0.049774058405853694,0.027003013128874986,2024-03-15
55,-0.001601151228661002,0.05757994410918561,-0.10246086736789883,0.054935270782001444,0.01679430905971402,2024-03-18
56,0.00047458250240210996,0.06462640195337077,-0.1065895831146253,0.06592387546596346,0.025668000856704953,2024-03-19
57,-0.007652073956816374,0.06084110972205074,-0.10319082121512324,0.06865106603422944,0.013337582844504814,2024-03-20
58,0.0013974980450669693,0.07176574955528772,-0.1042288991016953,0.08292582419694505,0.018113391562135206,2024-03-21
59,0.003781939078751506,0.06504012496454423,-0.09403007385449536,0.08085323798430544,0.014846213611756642,2024-03-22
60,0.011073828578905176,0.07387878331136204,-0.11141105519282202,0.08813316992538955,0.027775269991223928,2024-03-25
61,0.008566068486076283,0.07424898712210469,-0.11046144277858228,0.08291678524939283,0.03140663190498194,2024-03-26
62,0.005475698661167194,0.07514845936837176,-0.11699653266920873,0.0813455317677747,0.0315005510097397,2024-03-27
63,0.006247882017303396,0.08473276896134696,-0.12669878185869954,0.09516074106154115,0.026510421072072576,2024-03-28
64,0.004568746537403423,0.08429853738718478,-0.13410169604957034,0.08702008019278873,0.028105152231155728,2024-03-29
65,0.01014872379446714,0.0900446168243549,-0.13803283744520578,0.10352351645172231,0.03676303335114284,2024-04-01
66,0.009605960763655896,0.09315710051493822,-0.1334879015953968,0.11050970624103917,0.035158741339336386,2024-04-02
67,0.016151112253945988,0.09415314362591706,-0.1332112495341492,0.11967204601067927,0.05542394128524708,2024-04-03
68,0.009366632010323816,0.08874934283370461,-0.13703888565693,0.10169867829975132,0.04415689835545655,2024-04-04
69,0.018697674973951715,0.09583016471841209,-0.13335135301232104,0.12168534648124907,0.059672320730979056,2024-04-05
70,0.02299076079048401,0.10948765007334368,-0.13882664740247252,0.16028566172261582,0.04298404882803886,2024-04-08
71,0.02265582826451169,0.11283439326180822,-0.14148125274623125,0.16049860624697487,0.05558440992271274,2024-04-09
72,0.025236980629598983,0.1225439501759281,-0.15118391420223942,0.1583253755561067,0.08253559498943153,2024-04-10
73,0.03032404469357044,0.12149065722485201,-0.1535585070785932,0.16235001430952622,0.09640141438033045,2024-04-11
74,0.025451099410483867,0.11865898951726053,-0.15767088803964513,0.16805087739531643,0.08465481632151062,2024-04-12
75,0.02674083010702648,0.11924036804011762,-0.1539280313656517,0.1724938380822414,0.07859053246422132,2024-04-15
76,0.03556701964315019,0.1197108546233975,-0.14437249502095928,0.17758742227583668,0.08464872359526177,2024-04-16
77,0.03427152709883363,0.11507151025391121,-0.1406251726181298,0.1601881807296015,0.10073026956753095,2024-04-17
78,0.04306226269717335,0.11955216920486597,-0.13161093992100725,0.18594413117304498,0.1084363423160295,2024-04-18
79,0.05445434282894905,0.12566507517029177,-0.1287590968475948,0.1969371630165584,0.12143950206124488,2024-04-19
80,0.05200929416795881,0.13181007436866132,-0.14095691663714327,0.18453615810421886,0.13219299214662317,2024-04-22
81,0.05005588148072486,0.1309186983852067,-0.14149566438812133,0.19780653723056774,0.1304386865586451,2024-04-23
82,0.05451484376787039,0.1308302284276167,-0.13476810922418803,0.19165984566028826,0.14142866761801498,2024-04-24
83,0.04705973907981782,0.12929314406394488,-0.13873525771112516,0.19263440675719545,0.12212583215873662,2024-04-25
84,0.0603444516833739,0.13278933550574118,-0.12843275654259634,0.20235824654587797,0.14423275504315014,2024-04-26
85,0.046912501946907416,0.13826434092944323,-0.14210531002267424,0.19029262966344862,0.13965204346899984,2024-04-29
86,0.051675893343600274,0.14366441056029475,-0.1399497081130774,0.20224811502031392,0.14030494252436232,2024-04-30
87,0.048747971727133875,0.14626304237239435,-0.1263412905888841,0.22182208795339453,0.12000074509177971,2024-05-01
88,0.04047006582934791,0.1469583503839177,-0.1405100505356739,0.22715193336144845,0.11491785717114023,2024-05-02
89,0.040384658725016995,0.14868422367884768,-0.13539065360621982,0.23329854148868767,0.10498776822224642,2024-05-03
90,0.03655500395115572,0.1466194645532034,-0.14043946241458172,0.2237055811323021,0.0903738923677555,2024-05-06
91,0.03221161531355945,0.14811531006931583,-0.14143268271318565,0.23359624736458784,0.08863469079296382,2024-05-07
92,0.038962780277526685,0.1445361866926361,-0.14130284179734842,0.22412651294600439,0.1098929219449718,2024-05-08
93,0.03868315614739306,0.14374624379616163,-0.1547375687960496,0.21963559350255535,0.10861699844230133,2024-05-09
94,0.04152545234541212,0.15059821483037775,-0.15867688109707,0.24702095120025036,0.10784001688630784,2024-05-10
95,0.04068382409907358,0.15225325873841927,-0.16187180942624468,0.2585280709010003,0.09038096387887151,2024-05-13
96,0.049232491019516655,0.15360052960582768,-0.15129439234711672,0.26309586947366315,0.11191698450341803,2024-05-14
97,0.047872424857452314,0.1568870481007352,-0.16452978082392955,0.2761592904329071,0.10344774141082103,2024-05-15
98,0.051513608516306306,0.152245325196141,-0.1584138353865543,0.2741513529767081,0.09079453641209478,2024-05-16
99,0.0693920712362267,0.169848917161473,-0.1645803859276017,0.3160351362050977,0.12965060966351238,2024-05-17
100,0.07842684182592503,0.16781647066136202,-0.15579504003431421,0.3181940369285159,0.1282275138381952,2024-05-20
101,0.07660994510852567,0.16707445430307727,-0.1487856982153154,0.3303824596960723,0.11129626591958819,2024-05-21
102,0.07172369010691253,0.16214319637126892,-0.15639238242687825,0.3020380735289523,0.1251418566561764,2024-05-22
103,0.07399400860691588,0.16545912607646818,-0.14280013210325027,0.33400097491433045,0.10903391241068383,2024-05-23
104,0.07682619070691672,0.1647461574422364,-0.1427985096610631,0.3268546503682481,0.12277677341942961,2024-05-24
105,0.07445878905014706,0.1649067135059237,-0.1415788018956805,0.3255413323447862,0.10314471369064537,2024-05-27
106,0.0778460459910445,0.15946726262659708,-0.11881803813923086,0.3377281196099631,0.08163170337939007,2024-05-28
107,0.0725408119874437,0.15240100156556244,-0.11070607525932785,0.3200167009556225,0.07436622223040557,2024-05-29
108,0.06219033086983394,0.14981540772704705,-0.10780561319846271,0.31169624229711546,0.05354899732855389,2024-05-30
109,0.0665850430007832,0.14805363448830164,-0.09095538798262204,0.30956268138112253,0.06861607367034228,2024-05-31
110,0.06479230101948277,0.15449178445524195,-0.09088709254174299,0.3281779110694012,0.05036188735101854,2024-06-03
111,0.05495733889317722,0.1592326255940174,-0.1196095589005074,0.32471284223787,0.04563621582389965,2024-06-04
112,0.04184917534764006,0.15387467804304011,-0.12898983429299526,0.2995163046291598,0.03269087088780154,2024-06-05
113,0.03976988976654683,0.15487885523533107,-0.12208409461003511,0.3024005525798612,0.021934785304158266,2024-06-06
114,0.0379861566611545,0.1513672516374758,-0.11682892718893001,0.2986766720110279,0.008124243967982281,2024-06-07
115,0.035034460565029124,0.15104981071410237,-0.1175579980981365,0.30117322161294946,-0.00229009838040084,2024-06-10
116,0.046540032423903074,0.15820149914335133,-0.10708115311250821,0.33167252632684985,-0.007397116307952589,2024-06-11
117,0.054928878307165065,0.17272782208874507,-0.08677119468091221,0.3752048048049623,-0.020861647288219265,2024-06-12
118,0.051186918570977055,0.16862675821352743,-0.09593075736770473,0.3688664130470709,-0.02147773799909336,2024-06-13
119,0.04929279493895926,0.1782117123009207,-0.10614974888084516,0.383913126567335,-0.01818308717266326,2024-06-14
120,0.05088343685471406,0.17476266037076704,-0.10717927438732211,0.37643375828682646,-0.010976398448092506,2024-06-17
121,0.04452044287409469,0.16325859626425213,-0.10221837502862519,0.34814241527004675,-0.022756802444563906,2024-06-18
122,0.04587609448811667,0.17302972233432676,-0.10543189161076383,0.372970602960369,-0.030665143492811908,2024-06-19
123,0.041372519078682425,0.16009361152065119,-0.11381557564628986,0.3417796589519715,-0.04051008638015252,2024-06-20
124,0.039440066756168665,0.15997713958609155,-0.10646467338121346,0.3392341229171454,-0.04397318411872131,2024-06-21
125,0.03197385304096776,0.15758313942785138,-0.1065567222858187,0.33045318714164473,-0.05323312371930389,2024-06-24
126,0.033615420226535894,0.14897268029527103,-0.10518218834165138,0.3128084934021753,-0.04595759406017752,2024-06-25
127,0.030415360863651708,0.15919264177227213,-0.10892950600458118,0.33068876932028224,-0.05464263892804777,2024-06-26
128,0.03003240018213944,0.15491820497310202,-0.12584760999837186,0.31921981342340766,-0.03926626259167787,2024-06-27
129,0.03309138612820859,0.1570012605466838,-0.12341045536992434,0.3321310516779066,-0.032239227096149015,2024-06-28
130,0.033256740277781936,0.15643440508313242,-0.11987894245913555,0.3281703857318745,-0.026624999723127152,2024-07-01
131,0.035698452865599875,0.16969571775000472,-0.1184613510623127,0.35516252118273983,-0.035839092671327455,2024-07-02
132,0.04082508650493286,0.17323430435812753,-0.11323276294673212,0.36705898774490997,-0.030477586892320496,2024-07-03
133,0.047907603601825735,0.17773036998565586,-0.11386799344547727,0.3855075166456645,-0.030160657065877672,2024-07-04
134,0.058058938531239265,0.19021572991799157,-0.11435466800255478,0.4184902694787884,-0.011171153796213251,2024-07-05
135,0.06825975092646837,0.21113160909197862,-0.10080763925336766,0.4780217183484121,-0.022030703775555605,2024-07-08
136,0.06010199549173756,0.21415343965965933,-0.11200919357754424,0.47206939548610416,-0.03867282521623616,2024-07-09
137,0.05918901140020274,0.2104305777048675,-0.11246840872375341,0.46608678725155195,-0.031249441089824193,2024-07-10
138,0.0745842592025749,0.2049175194612191,-0.09702754926879353,0.47514488045263903,-0.006119682978680152,2024-07-11
139,0.08062506504087667,0.2159688026770296,-0.09971351838476283,0.5052635336367195,-0.0076959939011845835,2024-07-12
140,0.08202924769207272,0.21922560713484573,-0.10710588306049207,0.5113494356193249,0.005113132095012851,2024-07-15
141,0.08409422394106429,0.22920879492511467,-0.11966505595389543,0.5314236955760259,-0.003482096332276141,2024-07-16
142,0.0822122407371946,0.23436834211808566,-0.12254787312561988,0.5396896251561778,-0.012727866714897784,2024-07-17
143,0.08969026380131537,0.24904779021969553,-0.11319684057590906,0.5789969731403681,-0.019079714079240917,2024-07-18
144,0.08433941983583411,0.23864738787364068,-0.11942370715680983,0.5515585730136439,-0.011577098650590312,2024-07-19
145,0.08048693012542678,0.25096278795360105,-0.13154801207525857,0.5733782391298543,-0.01958999103706438,2024-07-22
146,0.0939638895121208,0.2616138013562864,-0.13259651824971874,0.6066518333408899,-0.010813905205470542,2024-07-23
147,0.09347867966029508,0.26434367554684046,-0.12817400016096425,0.6136146139011143,-0.004320189341270542,2024-07-24
148,0.09469245420829622,0.2691796188020295,-0.12641538329395874,0.6248573875546517,-0.011139971740452781,2024-07-25
149,0.09691097676906639,0.2705393725707798,-0.13390276169707238,0.62791143018684,-0.011020226142896328,2024-07-26
150,0.10233711039445499,0.26857617570571896,-0.12686112085805357,0.6283533206105227,-0.010210366437630292,2024-07-29
151,0.10392741829772076,0.2709933892175535,-0.12482507171812351,0.6335195039461727,-0.00942169726271147,2024-07-30
152,0.11265557675185651,0.26304503471654994,-0.10962603796341586,0.6247098578248051,0.01355961321933341,2024-07-31
153,0.1031157975679103,0.2508010568163691,-0.10650315848370306,0.5911583812627854,0.006510803515221264,2024-08-01
154,0.10080255251182105,0.24803208973657886,-0.10635414050713166,0.5816420523160455,-0.007888066877145272,2024-08-02
155,0.09973663865557483,0.25478903964178384,-0.10847230166529775,0.5923440635164494,-0.004867416810580227,2024-08-05
156,0.10885296302428733,0.26440765146710477,-0.11215419274542038,0.6187300515006866,-0.0017965598344578115,2024-08-06
157,0.11314750061448528,0.255192212940811,-0.10996891345998838,0.5966814701952603,0.007074200664320074,2024-08-07
158,0.11000163510654645,0.25592369828888606,-0.11396964906730356,0.59402044662432,-0.01686031453642145,2024-08-08
159,0.11138618618985086,0.2558174390332788,-0.12110813219797278,0.5951579577727579,-0.02008554204189006,2024-08-09
160,0.11097357698639738,0.2468425289916044,-0.10661393458033663,0.5728061198776935,-0.01843968336156465,2024-08-12
161,0.11035370904065729,0.2401542236158998,-0.08745406923299992,0.5563957294276509,-0.032124691364886604,2024-08-13
162,0.10783276293364556,0.21992997020484517,-0.07532267715235241,0.5060637328928668,-0.0250864090233619,2024-08-14
163,0.10118976541965774,0.22210386715788127,-0.0795774430244377,0.4997000474751958,-0.033137902093876126,2024-08-15
164,0.11389795253707391,0.23002201752600773,-0.07990508446658295,0.5380627013345267,-0.029858687577656307,2024-08-16
165,0.09919594719209604,0.21511609767950346,-0.0906316300672172,0.5012845254471354,-0.02452591175446639,2024-08-19
166,0.08875990256141211,0.2203396161133416,-0.09651650075806406,0.504755889058099,-0.0260125558563975,2024-08-20
167,0.09222701133464961,0.2266123988250192,-0.10851703094298881,0.5156547789784447,-0.004221195904692943,2024-08-21
168,0.10371611247798244,0.230865162051027,-0.09900466204964709,0.532415878193566,0.00896046633928127,2024-08-22
169,0.10456684020755683,0.2345418144665103,-0.10180714457076112,0.540222061686791,0.002856153285552221,2024-08-23
170,0.09861877100789337,0.2409224298768065,-0.11628753684673165,0.547051125472487,0.012168029528467628,2024-08-26
171,0.09182889687637177,0.23246260440783928,-0.12168122477742849,0.524286485612391,0.020089899765552754,2024-08-27
172,0.08658146417102686,0.23626008344978144,-0.12479503098775202,0.5292848748129513,0.01233190389095351,2024-08-28
173,0.09213070708614146,0.24491333593537057,-0.120272118234235,0.5536965481674765,0.008882493248091317,2024-08-29
174,0.08684873163173013,0.23893173314912444,-0.12408706573103545,0.5299921145782807,0.0012677704481114382,2024-08-30
175,0.11252123989644443,0.25333672813590563,-0.10581484238395233,0.5859333442718104,0.0024751854919133898,2024-09-02
176,0.10915312628386287,0.2553691062741936,-0.11532679073505303,0.5885185539871567,-0.0006088902696506082,2024-09-03
177,0.11146591481702292,0.25736466034883115,-0.11465806040122195,0.5956995222571815,0.013311514584700479,2024-09-04
178,0.11015607006753278,0.2536803682923562,-0.11040001458028414,0.5872633117114807,0.025174628937264965,2024-09-05
179,0.10858385944040923,0.24283094189702414,-0.1146539175318978,0.5658722503882869,0.03536279465408998,2024-09-06
180,0.11066864098926903,0.24996302144480806,-0.12353455665418878,0.5789174060202682,0.044769082658304704,2024-09-09
181,0.11403042766255175,0.24974220817399315,-0.12388834024376372,0.58887481370497,0.05108949743715874,2024-09-10
182,0.12152564529799148,0.25803359849432594,-0.12589313202712982,0.6102865031895477,0.05454970936941739,2024-09-11
183,0.12890268619998646,0.2555287654058103,-0.120224516774185,0.611944167591894,0.06825728200106185,2024-09-12
184,0.12896871093581871,0.2552661944004347,-0.11670639976983022,0.6133121945730695,0.07271038356021475,2024-09-13
185,0.13058613694419513,0.2529887443055394,-0.11118289453590269,0.610554957983704,0.07702764004495788,2024-09-16
186,0.12184068992707323,0.2500198238073295,-0.12738350778689178,0.5928503660575468,0.06636883196633248,2024-09-17
187,0.12569718680007758,0.2519587695721838,-0.12128549393889954,0.6004413937513036,0.09202696218754669,2024-09-18
188,0.13349338804894323,0.25021477791748015,-0.12456318360090457,0.5991404473833679,0.10464667726276922,2024-09-19
189,0.13919778685353998,0.2533622671563694,-0.11500942879575748,0.6101266319655456,0.1153455132566299,2024-09-20
190,0.13937470889454912,0.2507663961010668,-0.11459830653609726,0.6057527592419334,0.10076461626568523,2024-09-23
191,0.13345380000097365,0.2338719657765755,-0.12724232204824348,0.5620646767411512,0.11763389030355409,2024-09-24
192,0.13083659273313017,0.224849760740204,-0.12226264086535465,0.5397440776678673,0.11693788725449261,2024-09-25
193,0.14338994449353698,0.22666812723301208,-0.11886150151622898,0.5522178771802004,0.13994519551794227,2024-09-26
194,0.13416326234246767,0.21399633888662817,-0.11962651629799625,0.519795908732376,0.12729360280590218,2024-09-27
195,0.13093521372067407,0.2178649949779435,-0.12675900279771424,0.5212494404749024,0.12985465670254182,2024-09-30
196,0.13791117875076117,0.22653158774412327,-0.12640845801422051,0.5425548319077729,0.11960707164569362,2024-10-01
197,0.14552077647163986,0.22382319459383546,-0.1283947823445487,0.5415700944834143,0.14017508649504462,2024-10-02
198,0.15120374982797002,0.22249770070696578,-0.11485002488765994,0.549781936837864,0.11720851643338381,2024-10-03
199,0.15363015163188581,0.23202653756446662,-0.1410144534090917,0.5602988819121499,0.1327827246966491,2024-10-04
200,0.1543378787699194,0.2297512156984888,-0.12919612678364523,0.5624071466221872,0.14003230656771204,2024-10-07
201,0.1555613373420449,0.22631929918409635,-0.1275654899473606,0.5562271089509097,0.14330158273782412,2024-10-08
202,0.15923608169803405,0.2346336734835944,-0.12817286590728894,0.5786104019282787,0.13714117581111074,2024-10-09
203,0.14827696711538188,0.2258760886932443,-0.11760158423785716,0.5556344978563765,0.12269999081704541,2024-10-10
204,0.14407330871798588,0.21510309868026234,-0.10513794442724778,0.5354832452693847,0.12423807611696636,2024-10-11
205,0.15151334306989842,0.2207551827530153,-0.09739699709157024,0.5573339098633059,0.13070557488376378,2024-10-14
206,0.1486975992726034,0.21637729657974725,-0.09574522911400507,0.5468018667339576,0.13179018768520745,2024-10-15
207,0.14220632466442604,0.20966697095928974,-0.09830252075016477,0.5281369542317012,0.12066440428606495,2024-10-16
208,0.13870033305554005,0.20618016763808442,-0.08369191055401226,0.5220655823907154,0.11522745064226303,2024-10-17
209,0.13589875609590008,0.20306516237805597,-0.07151486392763007,0.5177738467598356,0.10417404160403043,2024-10-18
210,0.12340924401744946,0.20673368719316185,-0.08430938990923109,0.5198485309712599,0.061113497190087074,2024-10-21
211,0.1270236579434194,0.20151732606841447,-0.07284733105339858,0.515408151278957,0.06178384254724101,2024-10-22
212,0.1424268413659151,0.20706786110520484,-0.06761577194047641,0.5399160005748378,0.07335435440319338,2024-10-23
213,0.14015746133130752,0.2098046954938404,-0.07604255359725398,0.5421094234461858,0.08311269147755174,2024-10-24
214,0.15426556369795058,0.22380196352884502,-0.07629967716725705,0.5824114833160177,0.09945040752078382,2024-10-25
215,0.1595659828249853,0.2268736948853527,-0.07692126314845094,0.5932082705107149,0.10088252810218878,2024-10-28
216,0.15708060205345964,0.22554256782553678,-0.07731210250700582,0.5869354515396927,0.07973012077319863,2024-10-29
217,0.163336341326414,0.22701324600422784,-0.07548426025473176,0.5943110734188577,0.09627701466945404,2024-10-30
218,0.15229078297752963,0.23511405967627824,-0.09471290696587864,0.6009094886404649,0.07909858418421778,2024-10-31
219,0.1481293016586471,0.23206424264369133,-0.0917227633832568,0.5909505902201162,0.0975055118059196,2024-11-01
220,0.1550627040859123,0.23923623836182148,-0.09881492508237322,0.6090268573764379,0.09611886582476514,2024-11-04
221,0.15285990638264618,0.23780994069465108,-0.10264686030773218,0.6020757269075765,0.09698944260396791,2024-11-05
222,0.16286570567255063,0.24982533933325984,-0.08111409090248445,0.6401981171988567,0.1173604433213764,2024-11-06
223,0.16200014708782412,0.24129925114184148,-0.08647283294712993,0.6166497365253711,0.12348384057520345,2024-11-07
224,0.15993334182122604,0.2399855763443967,-0.08635357074607264,0.6132410080340296,0.12051138881308265,2024-11-08
225,0.15861894578762023,0.2556575488968232,-0.08601040165252694,0.6482321057293927,0.10523274480897182,2024-11-11
226,0.1559082702436576,0.25608272096732304,-0.0940608221172381,0.6436925373560327,0.1110295328000892,2024-11-12
227,0.1604465623641498,0.250845348800154,-0.1022981024668913,0.6335820774666825,0.11820969488519895,2024-11-13
228,0.1604839244826586,0.2525405069998791,-0.09723793140470238,0.6413396033990879,0.11263297953794882,2024-11-14
229,0.1517418835524039,0.2416072926207592,-0.08526321247875646,0.612178972628513,0.10338402467384156,2024-11-15
230,0.1465971563160687,0.2442750980172534,-0.09329074409975724,0.6132696119326992,0.09785370100320234,2024-11-18
231,0.14421311581167337,0.24437949835108558,-0.082750606421222,0.6178382969518761,0.08193595730975822,2024-11-19
232,0.15549886339912858,0.2585567017472388,-0.07261830781529499,0.660973140575881,0.07329093896583205,2024-11-20
233,0.15609623180529802,0.2769543407080439,-0.08257463548241084,0.6987004958082796,0.046550759271978936,2024-11-21
234,0.1546769064775711,0.2645280484994697,-0.07724355686183115,0.6680863463180098,0.03991003787016667,2024-11-22
235,0.16762303151841454,0.260340153059662,-0.08595750675946601,0.667209749965979,0.06679903500232842,2024-11-25
236,0.17377144685267593,0.2641931033213125,-0.08903081958591752,0.6797587511758503,0.0912276536333998,2024-11-26
237,0.18696210079243075,0.25745513197412667,-0.08781904591279155,0.672196410279263,0.1018919436409429,2024-11-27
238,0.19453066805279207,0.2670781165929662,-0.08961861544833405,0.7017738763628507,0.12590298791650167,2024-11-28
239,0.19228962007989778,0.2621779548317914,-0.09744365487856499,0.6859920309266714,0.1373051889738537,2024-11-29
240,0.19865310828228883,0.2678580550389908,-0.09918152813152903,0.7009844425618585,0.15078586728803556,2024-12-02
241,0.19476063011095945,0.26313059608671163,-0.09801744646849331,0.6891975037602804,0.1382139205279833,2024-12-03
242,0.19976031726271518,0.2622440767969547,-0.10290983167565726,0.6862372688485969,0.15543723177844937,2024-12-04
243,0.20785826358808235,0.259596414959992,-0.09848698629129127,0.6847558636999866,0.17597615570330394,2024-12-05
244,0.19776140954935587,0.2662974347636444,-0.11180878612433542,0.6911514984542435,0.1553184253717692,2024-12-06
245,0.2003480024812183,0.2562620185174549,-0.10425567647336198,0.6742912398499823,0.15167132303437825,2024-12-09
246,0.2093886905915287,0.25814105515702734,-0.10900477671060316,0.681128239147275,0.16231988490296634,2024-12-10
247,0.2138161677240599,0.2628459819718308,-0.10646775213980353,0.6964308795537275,0.16917198714177317,2024-12-11
248,0.2152122035391682,0.26702518442173734,-0.10352622325392102,0.7075285804531677,0.16940314129759693,2024-12-12
249,0.20895059693967255,0.26009158902897733,-0.08577653209234715,0.6963676216018371,0.14257782666215912,2024-12-13
250,0.20618941588074247,0.25410752828131483,-0.08912119620981829,0.67760150201879,0.16713140200988152,2024-12-16
251,0.20471919366734975,0.2530277382209088,-0.09902097814134514,0.6690210925924085,0.15437626226001533,2024-12-17
