timestamp,open,high,low,close,volume,close_time,quote_volume,trades,taker_buy_base,taker_buy_quote,ignore
2024-01-01 07:00:00,1.0001,1.0002,1.0,1.0002,5329356.0,2024-01-01 07:59:59.999,5330117.6512,3169,2875239.0,2875760.3027,0
2024-01-01 08:00:00,1.0001,1.0002,1.0,1.0001,6703633.0,2024-01-01 08:59:59.999,6704347.9834,2843,1688548.0,1688812.4221,0
2024-01-01 09:00:00,1.0001,1.0001,1.0,1.0001,11494621.0,2024-01-01 09:59:59.999,11495264.8018,5214,6438018.0,6438661.8018,0
2024-01-01 10:00:00,1.0001,1.0002,1.0,1.0001,7455457.0,2024-01-01 10:59:59.999,7456080.7084,5174,4777978.0,4778510.2312,0
2024-01-01 11:00:00,1.0002,1.0002,1.0001,1.0002,5385897.0,2024-01-01 11:59:59.999,5386793.5829,2774,3579932.0,3580647.9864,0
2024-01-01 12:00:00,1.0002,1.0002,1.0001,1.0002,5513787.0,2024-01-01 12:59:59.999,5514561.76,4190,2233813.0,2234259.7626,0
2024-01-01 13:00:00,1.0001,1.0002,1.0001,1.0001,5572589.0,2024-01-01 13:59:59.999,5573400.4453,4731,2541864.0,2542372.3728,0
2024-01-01 14:00:00,1.0002,1.0002,1.0,1.0,12324783.0,2024-01-01 14:59:59.999,12325918.545,6905,4852985.0,4853620.2638,0
2024-01-01 15:00:00,1.0,1.0001,1.0,1.0,12497292.0,2024-01-01 15:59:59.999,12497731.0079,7441,4390079.0,4390518.0079,0
2024-01-01 16:00:00,1.0001,1.0001,1.0,1.0,15225015.0,2024-01-01 16:59:59.999,15225495.8557,9825,4808557.0,4809037.8557,0
2024-01-01 17:00:00,1.0001,1.0001,0.9999,1.0,8344366.0,2024-01-01 17:59:59.999,8344569.4071,6499,3750965.0,3751169.9977,0
2024-01-01 18:00:00,1.0,1.0001,0.9998,0.9999,18783591.0,2024-01-01 18:59:59.999,18782745.9523,8666,6955570.0,6955426.3847,0
2024-01-01 19:00:00,0.9999,1.0,0.9998,0.9999,11668017.0,2024-01-01 19:59:59.999,11667290.2432,7641,4470537.0,4470530.4746,0
2024-01-01 20:00:00,0.9999,0.9999,0.9998,0.9999,11226567.0,2024-01-01 20:59:59.999,11224853.5626,5626,5318760.0,5318228.124,0
2024-01-01 21:00:00,0.9998,1.0,0.9998,0.9998,8482202.0,2024-01-01 21:59:59.999,8481462.3992,5178,3375793.0,3375608.1935,0
2024-01-01 22:00:00,0.9999,0.9999,0.9998,0.9998,8033458.0,2024-01-01 22:59:59.999,8032091.5587,3542,2402503.0,2402262.7497,0
2024-01-01 23:00:00,0.9999,0.9999,0.9997,0.9999,29333749.0,2024-01-01 23:59:59.999,29328640.7468,8931,11217507.0,11216048.8367,0
2024-01-02 00:00:00,0.9998,0.9999,0.9996,0.9996,45410594.0,2024-01-02 00:59:59.999,45399145.4606,16659,16176128.0,16172588.9539,0
2024-01-02 01:00:00,0.9996,0.9997,0.9995,0.9996,24871524.0,2024-01-02 01:59:59.999,24862190.0827,12649,8604161.0,8601365.8694,0
2024-01-02 02:00:00,0.9996,0.9997,0.9994,0.9994,31650440.0,2024-01-02 02:59:59.999,31636263.9538,9779,10792628.0,10788193.8533,0
2024-01-02 03:00:00,0.9994,0.9995,0.9992,0.9992,32172918.0,2024-01-02 03:59:59.999,32152048.561,10544,9372477.0,9366769.8404,0
2024-01-02 04:00:00,0.9992,0.9994,0.9992,0.9992,20642753.0,2024-01-02 04:59:59.999,20627535.3797,6858,10132081.0,10125014.2661,0
2024-01-02 05:00:00,0.9993,0.9994,0.9991,0.9993,13857824.0,2024-01-02 05:59:59.999,13847799.5934,7804,5082424.0,5078712.3613,0
2024-01-02 06:00:00,0.9993,0.9994,0.9993,0.9993,13441002.0,2024-01-02 06:59:59.999,13431866.3914,5288,2730928.0,2729289.4432,0
2024-01-02 07:00:00,0.9994,0.9995,0.9991,0.9991,28094598.0,2024-01-02 07:59:59.999,28074942.3334,9235,10161942.0,10155056.6517,0
2024-01-02 08:00:00,0.9991,0.9993,0.999,0.9991,29752633.0,2024-01-02 08:59:59.999,29727563.3754,9602,12214471.0,12204768.167,0
2024-01-02 09:00:00,0.9992,0.9994,0.9991,0.9992,16443761.0,2024-01-02 09:59:59.999,16431280.5875,8577,9354487.0,9347656.379,0
2024-01-02 10:00:00,0.9992,0.9993,0.9991,0.9992,25603208.0,2024-01-02 10:59:59.999,25583250.5882,9027,8568666.0,8562448.2931,0
2024-01-02 11:00:00,0.9992,0.9993,0.999,0.9993,15775563.0,2024-01-02 11:59:59.999,15762752.3083,7737,6750761.0,6745486.6012,0
2024-01-02 12:00:00,0.9992,0.9994,0.999,0.9993,23776916.0,2024-01-02 12:59:59.999,23758011.4036,7775,11619808.0,11610646.0292,0
2024-01-02 13:00:00,0.9994,0.9994,0.9989,0.999,33227914.0,2024-01-02 13:59:59.999,33199037.4431,7910,13342471.0,13330808.9505,0
2024-01-02 14:00:00,0.999,0.9992,0.9989,0.999,36548194.0,2024-01-02 14:59:59.999,36512811.5241,12575,16613850.0,16598176.5307,0
2024-01-02 15:00:00,0.999,0.9993,0.999,0.9991,27432317.0,2024-01-02 15:59:59.999,27409006.7909,9232,15253084.0,15240599.491,0
2024-01-02 16:00:00,0.9991,0.9994,0.9991,0.9993,22599284.0,2024-01-02 16:59:59.999,22583403.2544,11167,12749276.0,12740699.4046,0
2024-01-02 17:00:00,0.9994,0.9997,0.9993,0.9997,29022696.0,2024-01-02 17:59:59.999,29009246.1475,10860,19134463.0,19125979.144,0
2024-01-02 18:00:00,0.9996,0.9997,0.9995,0.9996,21269995.0,2024-01-02 18:59:59.999,21262033.0289,7733,8037876.0,8035209.0741,0
2024-01-02 19:00:00,0.9997,0.9998,0.9996,0.9996,27569368.0,2024-01-02 19:59:59.999,27560401.7052,7827,12655591.0,12651807.0595,0
2024-01-02 20:00:00,0.9997,0.9998,0.9996,0.9997,11655197.0,2024-01-02 20:59:59.999,11652007.529,7340,6760724.0,6759039.9642,0
2024-01-02 21:00:00,0.9998,0.9998,0.9996,0.9996,11959555.0,2024-01-02 21:59:59.999,11956020.7499,5729,5807034.0,5805485.9356,0
2024-01-02 22:00:00,0.9997,0.9998,0.9996,0.9996,6670001.0,2024-01-02 22:59:59.999,6667643.8073,4420,3037033.0,3036128.9945,0
2024-01-02 23:00:00,0.9997,0.9997,0.9996,0.9997,6070443.0,2024-01-02 23:59:59.999,6068417.6082,4341,4027854.0,4026645.6438,0
2024-01-03 00:00:00,0.9997,0.9998,0.9996,0.9997,21859786.0,2024-01-03 00:59:59.999,21854416.3168,8357,13496678.0,13493835.7301,0
2024-01-03 01:00:00,0.9997,0.9998,0.9996,0.9996,14477435.0,2024-01-03 01:59:59.999,14472705.408,7251,3064610.0,3063733.7175,0
2024-01-03 02:00:00,0.9997,0.9998,0.9996,0.9996,15271532.0,2024-01-03 02:59:59.999,15266594.9401,7466,6675130.0,6673160.1442,0
2024-01-03 03:00:00,0.9996,0.9997,0.9995,0.9996,17267912.0,2024-01-03 03:59:59.999,17260833.9087,4266,2848025.0,2847040.5244,0
2024-01-03 04:00:00,0.9996,0.9997,0.9995,0.9997,12547477.0,2024-01-03 04:59:59.999,12542611.4113,5699,8694878.0,8691696.5278,0
2024-01-03 05:00:00,0.9997,1.0,0.9996,0.9998,18869548.0,2024-01-03 05:59:59.999,18865379.9648,5551,12999133.0,12996483.0068,0
2024-01-03 06:00:00,0.9997,0.9998,0.9997,0.9997,16939158.0,2024-01-03 06:59:59.999,16934940.9368,7343,8646842.0,8645112.6316,0
2024-01-03 07:00:00,0.9997,0.9998,0.9995,0.9997,25534843.0,2024-01-03 07:59:59.999,25526107.7382,7183,11292534.0,11288867.1524,0
2024-01-03 08:00:00,0.9996,0.9997,0.9996,0.9997,10074990.0,2024-01-03 08:59:59.999,10071641.1083,5702,6811043.0,6808999.6871,0
2024-01-03 09:00:00,0.9996,0.9998,0.9996,0.9998,14390866.0,2024-01-03 09:59:59.999,14386950.7171,7464,9760499.0,9758043.2487,0
2024-01-03 10:00:00,0.9998,0.9998,0.9997,0.9997,14108338.0,2024-01-03 10:59:59.999,14104529.2413,6982,4237427.0,4236579.5146,0
2024-01-03 11:00:00,0.9997,0.9998,0.9996,0.9996,24176712.0,2024-01-03 11:59:59.999,24168543.0638,16562,8517856.0,8515470.0047,0
2024-01-03 12:00:00,0.9997,0.9997,0.76,0.9992,114791151.0,2024-01-03 12:59:59.999,114519394.0395,49380,49795179.0,49696561.5701,0
2024-01-03 13:00:00,0.9992,0.9993,0.9985,0.9989,86801638.0,2024-01-03 13:59:59.999,86712359.1229,31402,36113474.0,36077115.0647,0
2024-01-03 14:00:00,0.9989,0.9994,0.9988,0.9992,53280685.0,2024-01-03 14:59:59.999,53230500.7206,21101,26892247.0,26867794.0173,0
2024-01-03 15:00:00,0.9992,0.9996,0.9991,0.9995,61224110.0,2024-01-03 15:59:59.999,61183941.3623,17801,31164811.0,31145587.8726,0
2024-01-03 16:00:00,0.9995,0.9996,0.9988,0.9992,64221296.0,2024-01-03 16:59:59.999,64169534.8608,19458,26982949.0,26960537.1643,0
2024-01-03 17:00:00,0.9993,0.9994,0.9992,0.9994,32673185.0,2024-01-03 17:59:59.999,32648941.4501,9870,18768713.0,18755579.3602,0
2024-01-03 18:00:00,0.9993,0.9996,0.9993,0.9995,49082165.0,2024-01-03 18:59:59.999,49056048.7093,13144,33217136.0,33199937.6868,0
2024-01-03 19:00:00,0.9995,0.9997,0.9995,0.9996,30971672.0,2024-01-03 19:59:59.999,30958950.6008,10091,15922410.0,15916439.1304,0
2024-01-03 20:00:00,0.9995,0.9996,0.9994,0.9996,20338738.0,2024-01-03 20:59:59.999,20329454.5233,7392,11315507.0,11310737.9168,0
2024-01-03 21:00:00,0.9996,0.9996,0.9995,0.9995,9451036.0,2024-01-03 21:59:59.999,9446774.6802,6438,4641982.0,4640125.2072,0
2024-01-03 22:00:00,0.9995,0.9997,0.9995,0.9996,23006928.0,2024-01-03 22:59:59.999,22998150.4224,7817,10868738.0,10864844.4,0
2024-01-03 23:00:00,0.9997,0.9997,0.9995,0.9995,14208372.0,2024-01-03 23:59:59.999,14203023.7865,6632,6144560.0,6142577.2709,0
2024-01-04 00:00:00,0.9996,0.9996,0.9995,0.9995,14745313.0,2024-01-04 00:59:59.999,14738393.6297,6403,4532862.0,4531048.8552,0
2024-01-04 01:00:00,0.9995,0.9996,0.9993,0.9993,13670927.0,2024-01-04 01:59:59.999,13662796.4249,8293,4846926.0,4844184.3536,0
2024-01-04 02:00:00,0.9993,0.9996,0.9993,0.9995,23948611.0,2024-01-04 02:59:59.999,23934689.2166,8365,13936460.0,13928830.0667,0
2024-01-04 03:00:00,0.9995,0.9996,0.9993,0.9994,25604606.0,2024-01-04 03:59:59.999,25590806.0465,8183,12273600.0,12267488.1103,0
2024-01-04 04:00:00,0.9994,0.9995,0.9992,0.9993,12404692.0,2024-01-04 04:59:59.999,12396806.2044,6034,2877092.0,2875424.9579,0
2024-01-04 05:00:00,0.9993,0.9993,0.9992,0.9993,7356184.0,2024-01-04 05:59:59.999,7350651.145,4593,3520922.0,3518457.3546,0
2024-01-04 06:00:00,0.9992,0.9993,0.9991,0.9992,14811928.0,2024-01-04 06:59:59.999,14800357.2728,6502,7446932.0,7441292.3503,0
2024-01-04 07:00:00,0.9992,0.9993,0.9991,0.9992,22030790.0,2024-01-04 07:59:59.999,22013295.3134,9165,9689263.0,9681738.9685,0
2024-01-04 08:00:00,0.9993,0.9994,0.9992,0.9993,21449489.0,2024-01-04 08:59:59.999,21434381.2072,10468,13315950.0,13306989.2218,0
2024-01-04 09:00:00,0.9993,0.9994,0.9992,0.9992,15172194.0,2024-01-04 09:59:59.999,15161188.9214,8553,6179434.0,6175176.8022,0
2024-01-04 10:00:00,0.9992,0.9993,0.999,0.9991,30979848.0,2024-01-04 10:59:59.999,30952552.9084,11446,14120443.0,14108296.164,0
2024-01-04 11:00:00,0.999,0.9992,0.999,0.999,23768443.0,2024-01-04 11:59:59.999,23747333.71,8461,13718227.0,13706452.1307,0
2024-01-04 12:00:00,0.9991,0.9992,0.999,0.9991,21715199.0,2024-01-04 12:59:59.999,21696453.3938,11634,11217006.0,11207813.3408,0
2024-01-04 13:00:00,0.999,0.9992,0.999,0.9991,17506298.0,2024-01-04 13:59:59.999,17490762.1949,7669,11283371.0,11273742.4538,0
2024-01-04 14:00:00,0.9992,0.9995,0.999,0.9995,28927033.0,2024-01-04 14:59:59.999,28906721.3233,10783,17114215.0,17102486.0397,0
2024-01-04 15:00:00,0.9994,0.9995,0.9992,0.9992,37377658.0,2024-01-04 15:59:59.999,37353581.4946,16352,17607504.0,17596690.4918,0
2024-01-04 16:00:00,0.9992,0.9993,0.999,0.9991,24627571.0,2024-01-04 16:59:59.999,24606613.3675,12180,11596100.0,11586544.2671,0
2024-01-04 17:00:00,0.9992,0.9992,0.9984,0.9988,42302234.0,2024-01-04 17:59:59.999,42254733.6342,13689,21609676.0,21584894.2028,0
2024-01-04 18:00:00,0.9988,0.9991,0.9987,0.999,19013708.0,2024-01-04 18:59:59.999,18994569.4818,7850,10463100.0,10452905.5808,0
2024-01-04 19:00:00,0.999,0.9991,0.9985,0.9988,22759930.0,2024-01-04 19:59:59.999,22732720.5208,9885,11110278.0,11096994.2752,0
2024-01-04 20:00:00,0.9988,0.999,0.9988,0.9988,13658367.0,2024-01-04 20:59:59.999,13642765.7408,8090,7010258.0,7002548.419,0
2024-01-04 21:00:00,0.9988,0.999,0.9988,0.9989,29777046.0,2024-01-04 21:59:59.999,29743725.5492,11785,15773898.0,15756776.284,0
2024-01-04 22:00:00,0.9988,0.999,0.9985,0.9988,24668097.0,2024-01-04 22:59:59.999,24636017.4074,10832,10166537.0,10153605.4356,0
2024-01-04 23:00:00,0.9988,0.9991,0.9988,0.9991,12156852.0,2024-01-04 23:59:59.999,12144210.079,6247,8541904.0,8533241.2977,0
2024-01-05 00:00:00,0.9991,0.9991,0.9988,0.9989,27570622.0,2024-01-05 00:59:59.999,27542537.1135,8563,11213958.0,11202567.0362,0
2024-01-05 01:00:00,0.9989,0.9992,0.9987,0.9988,49561302.0,2024-01-05 01:59:59.999,49507731.5202,17053,20171818.0,20150377.9509,0
2024-01-05 02:00:00,0.9989,0.9991,0.9988,0.999,24034757.0,2024-01-05 02:59:59.999,24009123.5336,11996,16082101.0,16065412.8676,0
2024-01-05 03:00:00,0.999,0.9994,0.999,0.9991,46146053.0,2024-01-05 03:59:59.999,46105701.3071,10112,25427663.0,25405709.9946,0
2024-01-05 04:00:00,0.9992,0.9992,0.9991,0.9991,21846922.0,2024-01-05 04:59:59.999,21828475.3694,8998,12155992.0,12146267.2064,0
2024-01-05 05:00:00,0.9992,0.9994,0.9991,0.9992,24393815.0,2024-01-05 05:59:59.999,24375782.8237,5530,13210976.0,13201383.0037,0
2024-01-05 06:00:00,0.9993,0.9994,0.9992,0.9992,11826561.0,2024-01-05 06:59:59.999,11818122.6842,5595,5165702.0,5162203.9869,0
2024-01-05 07:00:00,0.9993,0.9994,0.9992,0.9992,17523542.0,2024-01-05 07:59:59.999,17511332.2973,5370,7936056.0,7930782.5283,0
2024-01-05 08:00:00,0.9992,0.9993,0.9992,0.9992,18580186.0,2024-01-05 08:59:59.999,18566208.0715,5621,8862203.0,8855999.4579,0
2024-01-05 09:00:00,0.9993,0.9994,0.9992,0.9993,26651723.0,2024-01-05 09:59:59.999,26633765.3671,9400,18342017.0,18330023.4993,0
2024-01-05 10:00:00,0.9993,0.9994,0.9993,0.9993,18616096.0,2024-01-05 10:59:59.999,18603858.9076,7966,7941748.0,7936982.9512,0
2024-01-05 11:00:00,0.9994,0.9994,0.9993,0.9993,12989090.0,2024-01-05 11:59:59.999,12980595.3927,8027,5977557.0,5973970.4658,0
2024-01-05 12:00:00,0.9994,0.9995,0.9992,0.9993,30819841.0,2024-01-05 12:59:59.999,30799708.9051,8772,14881348.0,14871860.1105,0
2024-01-05 13:00:00,0.9993,0.9994,0.9992,0.9992,22677858.0,2024-01-05 13:59:59.999,22660656.4172,9947,7802838.0,7797378.1487,0
2024-01-05 14:00:00,0.9992,0.9994,0.999,0.9993,36274083.0,2024-01-05 14:59:59.999,36245209.9962,12451,19898194.0,19883159.6263,0
2024-01-05 15:00:00,0.9994,0.9994,0.9991,0.9993,45151649.0,2024-01-05 15:59:59.999,45119328.9133,14023,21838105.0,21823174.6846,0
2024-01-05 16:00:00,0.9994,0.9996,0.9993,0.9994,35655969.0,2024-01-05 16:59:59.999,35635660.4462,14516,22570940.0,22558397.1186,0
2024-01-05 17:00:00,0.9995,0.9995,0.9993,0.9993,24479984.0,2024-01-05 17:59:59.999,24465162.7217,9904,8179447.0,8175103.4313,0
2024-01-05 18:00:00,0.9994,0.9995,0.9992,0.9994,23426704.0,2024-01-05 18:59:59.999,23412118.9114,7692,15360502.0,15351064.176,0
2024-01-05 19:00:00,0.9994,0.9995,0.9993,0.9993,11326853.0,2024-01-05 19:59:59.999,11319663.9216,5734,6202153.0,6198438.8658,0
2024-01-05 20:00:00,0.9994,0.9994,0.9992,0.9992,12299270.0,2024-01-05 20:59:59.999,12290577.9595,7583,3916651.0,3914056.3277,0
2024-01-05 21:00:00,0.9993,0.9994,0.9992,0.9994,10955183.0,2024-01-05 21:59:59.999,10947034.1284,5925,5649371.0,5645443.0357,0
2024-01-05 22:00:00,0.9994,0.9994,0.9992,0.9992,9340557.0,2024-01-05 22:59:59.999,9333741.5146,4979,1608329.0,1607289.5871,0
2024-01-05 23:00:00,0.9993,0.9993,0.9992,0.9993,11518136.0,2024-01-05 23:59:59.999,11509439.6755,7390,5181843.0,5178215.7099,0
2024-01-06 00:00:00,0.9993,0.9993,0.9991,0.9992,17203965.0,2024-01-06 00:59:59.999,17190452.8757,8890,7881808.0,7875883.6228,0
2024-01-06 01:00:00,0.9992,0.9993,0.9991,0.9991,4615178.0,2024-01-06 01:59:59.999,4611222.7605,5007,1369578.0,1368489.6823,0
2024-01-06 02:00:00,0.9991,0.9992,0.9991,0.9991,4129713.0,2024-01-06 02:59:59.999,4126155.9369,3497,1596786.0,1595508.5712,0
2024-01-06 03:00:00,0.9992,0.9992,0.9991,0.9991,3285348.0,2024-01-06 03:59:59.999,3282510.603,2583,1194162.0,1193206.6704,0
2024-01-06 04:00:00,0.9992,0.9993,0.9991,0.9992,16099616.0,2024-01-06 04:59:59.999,16086485.7379,5416,7078378.0,7072734.3825,0
2024-01-06 05:00:00,0.9992,0.9992,0.9991,0.9992,8100430.0,2024-01-06 05:59:59.999,8093498.3501,7237,3587371.0,3584501.1032,0
2024-01-06 06:00:00,0.9992,0.9992,0.999,0.999,14535447.0,2024-01-06 06:59:59.999,14521825.5476,7743,4657029.0,4652933.788,0
2024-01-06 07:00:00,0.999,0.9991,0.999,0.9991,10931606.0,2024-01-06 07:59:59.999,10921218.5702,7143,5441762.0,5436864.4142,0
2024-01-06 08:00:00,0.999,0.9992,0.999,0.9992,23388225.0,2024-01-06 08:59:59.999,23367392.2839,7379,12596562.0,12585574.9038,0
2024-01-06 09:00:00,0.9992,0.9994,0.9991,0.9994,17658339.0,2024-01-06 09:59:59.999,17645406.1116,4805,12026665.0,12017880.6182,0
2024-01-06 10:00:00,0.9994,0.9994,0.9992,0.9993,8666011.0,2024-01-06 10:59:59.999,8659849.4049,4668,4414394.0,4411327.2635,0
2024-01-06 11:00:00,0.9993,0.9994,0.9992,0.9993,3898228.0,2024-01-06 11:59:59.999,3895534.7597,4159,2219482.0,2218037.588,0
2024-01-06 12:00:00,0.9993,0.9994,0.9993,0.9993,6057938.0,2024-01-06 12:59:59.999,6054040.9298,4626,3434864.0,3432803.0816,0
2024-01-06 13:00:00,0.9993,0.9994,0.9993,0.9993,4253110.0,2024-01-06 13:59:59.999,4250374.5873,4660,2417643.0,2416192.4142,0
2024-01-06 14:00:00,0.9994,0.9995,0.9993,0.9995,15967161.0,2024-01-06 14:59:59.999,15957924.6349,7335,10344918.0,10339056.1706,0
2024-01-06 15:00:00,0.9994,0.9995,0.9994,0.9994,5097721.0,2024-01-06 15:59:59.999,5094830.8286,5573,1684612.0,1683769.694,0
2024-01-06 16:00:00,0.9994,0.9995,0.9993,0.9993,7073612.0,2024-01-06 16:59:59.999,7069488.3705,5994,2655828.0,2654441.6747,0
2024-01-06 17:00:00,0.9993,0.9994,0.9993,0.9993,5646367.0,2024-01-06 17:59:59.999,5642709.2926,5055,2947495.0,2945726.503,0
2024-01-06 18:00:00,0.9994,0.9994,0.9993,0.9994,5365866.0,2024-01-06 18:59:59.999,5362395.417,4790,2855232.0,2853518.8608,0
2024-01-06 19:00:00,0.9993,0.9994,0.9993,0.9994,7625028.0,2024-01-06 19:59:59.999,7619838.7001,4984,1482197.0,1481307.6818,0
2024-01-06 20:00:00,0.9993,0.9994,0.9993,0.9993,5950063.0,2024-01-06 20:59:59.999,5946187.0618,3874,2891059.0,2889324.3646,0
2024-01-06 21:00:00,0.9994,0.9994,0.9993,0.9994,5073203.0,2024-01-06 21:59:59.999,5069877.7109,4174,2259530.0,2258174.282,0
2024-01-06 22:00:00,0.9994,0.9994,0.9992,0.9993,8035760.0,2024-01-06 22:59:59.999,8030297.37,4730,5063864.0,5060497.8266,0
2024-01-06 23:00:00,0.9994,0.9998,0.9993,0.9995,37920469.0,2024-01-06 23:59:59.999,37904378.0751,7387,22343561.0,22334039.3535,0
2024-01-07 00:00:00,0.9994,0.9996,0.9994,0.9994,12689549.0,2024-01-07 00:59:59.999,12683095.3886,7148,7199191.0,7195689.4515,0
2024-01-07 01:00:00,0.9995,0.9995,0.9994,0.9994,4304836.0,2024-01-07 01:59:59.999,4302412.2481,4255,1591497.0,1590701.2515,0
2024-01-07 02:00:00,0.9994,0.9995,0.9994,0.9995,8148850.0,2024-01-07 02:59:59.999,8144442.0962,4505,4814062.0,4811654.969,0
2024-01-07 03:00:00,0.9994,0.9995,0.9994,0.9994,4825367.0,2024-01-07 03:59:59.999,4822752.3427,4235,2805629.0,2804226.1855,0
2024-01-07 04:00:00,0.9995,0.9995,0.9994,0.9995,6034783.0,2024-01-07 04:59:59.999,6031357.1858,4501,1950556.0,1949580.722,0
2024-01-07 05:00:00,0.9994,0.9995,0.9994,0.9994,13021433.0,2024-01-07 05:59:59.999,13013854.908,5542,2347678.0,2346504.161,0
2024-01-07 06:00:00,0.9994,0.9995,0.9994,0.9994,8321901.0,2024-01-07 06:59:59.999,8317069.0297,5126,1611703.0,1610897.1485,0
2024-01-07 07:00:00,0.9995,0.9995,0.9994,0.9994,5588288.0,2024-01-07 07:59:59.999,5585204.2589,4172,2692317.0,2690970.8415,0
2024-01-07 08:00:00,0.9994,0.9995,0.9994,0.9994,9852064.0,2024-01-07 08:59:59.999,9846798.3524,5682,6455908.0,6452680.046,0
2024-01-07 09:00:00,0.9994,0.9995,0.9994,0.9994,6568421.0,2024-01-07 09:59:59.999,6564746.4128,6416,2664654.0,2663321.673,0
2024-01-07 10:00:00,0.9995,0.9995,0.9994,0.9994,5153411.0,2024-01-07 10:59:59.999,5150661.8293,4409,3428759.0,3427044.6205,0
2024-01-07 11:00:00,0.9995,0.9995,0.9994,0.9994,5327055.0,2024-01-07 11:59:59.999,5324104.3106,4313,2455436.0,2454208.282,0
2024-01-07 12:00:00,0.9994,0.9995,0.9994,0.9995,3876694.0,2024-01-07 12:59:59.999,3874527.7647,4121,1597811.0,1597012.0945,0
2024-01-07 13:00:00,0.9994,0.9996,0.9994,0.9995,17260060.0,2024-01-07 13:59:59.999,17251474.7037,7660,10852313.0,10847262.1156,0
2024-01-07 14:00:00,0.9996,0.9996,0.9995,0.9996,4737737.0,2024-01-07 14:59:59.999,4735626.0566,4794,2579251.0,2578219.2996,0
2024-01-07 15:00:00,0.9995,0.9996,0.9994,0.9994,16793548.0,2024-01-07 15:59:59.999,16785180.6216,8780,7471889.0,7468379.6696,0
2024-01-07 16:00:00,0.9994,0.9995,0.9994,0.9994,12867638.0,2024-01-07 16:59:59.999,12860364.5222,6288,4471050.0,4468814.475,0
2024-01-07 17:00:00,0.9994,0.9995,0.9994,0.9995,5955832.0,2024-01-07 17:59:59.999,5952619.5501,6647,3610493.0,3608687.7535,0
2024-01-07 18:00:00,0.9994,0.9995,0.9994,0.9995,4137979.0,2024-01-07 18:59:59.999,4135696.4502,4252,2002376.0,2001374.812,0
2024-01-07 19:00:00,0.9995,0.9995,0.9989,0.9995,24387040.0,2024-01-07 19:59:59.999,24369851.4757,5503,10225627.0,10218768.3979,0
2024-01-07 20:00:00,0.9995,0.9995,0.9994,0.9994,3928938.0,2024-01-07 20:59:59.999,3926858.8293,3755,2781921.0,2780530.0395,0
2024-01-07 21:00:00,0.9995,0.9995,0.9994,0.9994,3298266.0,2024-01-07 21:59:59.999,3296439.4829,3405,1524425.0,1523662.7875,0
2024-01-07 22:00:00,0.9994,0.9995,0.9992,0.9994,22403581.0,2024-01-07 22:59:59.999,22388500.3573,11757,6685987.0,6681618.3269,0
2024-01-07 23:00:00,0.9993,0.9994,0.9993,0.9994,10024865.0,2024-01-07 23:59:59.999,10018296.5034,7659,4489089.0,4486395.5466,0
2024-01-08 00:00:00,0.9994,0.9995,0.9993,0.9994,13126024.0,2024-01-08 00:59:59.999,13118588.4224,9274,7030490.0,7026748.9775,0
2024-01-08 01:00:00,0.9994,0.9995,0.9994,0.9994,10356948.0,2024-01-08 01:59:59.999,10351410.0882,7004,6762570.0,6759188.715,0
2024-01-08 02:00:00,0.9995,0.9995,0.9994,0.9994,16739845.0,2024-01-08 02:59:59.999,16730569.3801,10422,7682871.0,7679029.5645,0
2024-01-08 03:00:00,0.9994,0.9996,0.9994,0.9995,22812746.0,2024-01-08 03:59:59.999,22800712.4132,10106,15077948.0,15070449.4864,0
2024-01-08 04:00:00,0.9996,0.9996,0.9994,0.9995,15314074.0,2024-01-08 04:59:59.999,15306722.8317,6122,7590109.0,7586652.8094,0
2024-01-08 05:00:00,0.9995,0.9997,0.9995,0.9996,9526595.0,2024-01-08 05:59:59.999,9522460.7283,5125,4462787.0,4461037.9716,0
2024-01-08 06:00:00,0.9996,0.9997,0.9995,0.9996,22173853.0,2024-01-08 06:59:59.999,22165163.6253,9152,5706981.0,5705225.0908,0
2024-01-08 07:00:00,0.9996,0.9996,0.9994,0.9995,17841120.0,2024-01-08 07:59:59.999,17832726.6475,5803,6845014.0,6842131.8751,0
2024-01-08 08:00:00,0.9995,0.9996,0.9995,0.9995,9710267.0,2024-01-08 08:59:59.999,9705804.6478,5224,3927813.0,3926241.8748,0
2024-01-08 09:00:00,0.9996,0.9996,0.9994,0.9995,29585906.0,2024-01-08 09:59:59.999,29571434.6859,7313,11533858.0,11528706.3147,0
2024-01-08 10:00:00,0.9995,0.9996,0.9994,0.9995,17459267.0,2024-01-08 10:59:59.999,17450472.6705,6702,12631334.0,12625331.5725,0
2024-01-08 11:00:00,0.9996,0.9997,0.9995,0.9996,15974059.0,2024-01-08 11:59:59.999,15968048.5217,7448,8896364.0,8893256.7263,0
2024-01-08 12:00:00,0.9996,0.9997,0.9992,0.9994,56689501.0,2024-01-08 12:59:59.999,56656817.3131,20931,20882027.0,20870331.6127,0
2024-01-08 13:00:00,0.9995,0.9995,0.9991,0.9991,61947498.0,2024-01-08 13:59:59.999,61900313.9685,17308,23322361.0,23305273.2988,0
2024-01-08 14:00:00,0.9991,0.9993,0.9991,0.9991,38581408.0,2024-01-08 14:59:59.999,38550833.7343,10547,18567119.0,18553170.2744,0
2024-01-08 15:00:00,0.9991,0.9995,0.9991,0.9994,40489387.0,2024-01-08 15:59:59.999,40460645.4106,12569,22850520.0,22835109.1182,0
2024-01-08 16:00:00,0.9994,0.9995,0.9993,0.9993,30477103.0,2024-01-08 16:59:59.999,30459153.977,10122,13274263.0,13267198.4173,0
2024-01-08 17:00:00,0.9993,0.9994,0.9993,0.9993,17902723.0,2024-01-08 17:59:59.999,17890983.8505,10365,7927566.0,7922809.4604,0
2024-01-08 18:00:00,0.9993,0.9994,0.9989,0.999,56128015.0,2024-01-08 18:59:59.999,56082069.2124,22856,25774825.0,25753990.3701,0
2024-01-08 19:00:00,0.999,0.9993,0.9989,0.9992,49005731.0,2024-01-08 19:59:59.999,48963292.6012,17154,28116749.0,28093051.5868,0
2024-01-08 20:00:00,0.9993,0.9993,0.9991,0.9992,17450924.0,2024-01-08 20:59:59.999,17436633.5154,9472,8661451.0,8654800.9295,0
2024-01-08 21:00:00,0.9991,0.9993,0.9991,0.9991,14809029.0,2024-01-08 21:59:59.999,14796948.4209,6983,6262821.0,6257881.7222,0
2024-01-08 22:00:00,0.9992,0.9993,0.9991,0.9991,15013293.0,2024-01-08 22:59:59.999,15001236.7296,6905,4773629.0,4769936.3448,0
2024-01-08 23:00:00,0.9991,0.9993,0.9991,0.9992,9787266.0,2024-01-08 23:59:59.999,9779548.6263,7390,3522101.0,3519462.6161,0
2024-01-09 00:00:00,0.9992,0.9993,0.999,0.9992,27156429.0,2024-01-09 00:59:59.999,27133613.4537,12758,14978969.0,14966819.7882,0
2024-01-09 01:00:00,0.9992,0.9994,0.9991,0.9993,23646207.0,2024-01-09 01:59:59.999,23629135.0455,10253,16211172.0,16199968.7559,0
2024-01-09 02:00:00,0.9993,0.9994,0.9993,0.9993,12035561.0,2024-01-09 02:59:59.999,12027726.5224,4382,5904151.0,5900608.5094,0
2024-01-09 03:00:00,0.9993,0.9995,0.9993,0.9993,24907253.0,2024-01-09 03:59:59.999,24891975.3858,9487,8991609.0,8986321.4771,0
2024-01-09 04:00:00,0.9994,0.9995,0.9992,0.9994,15439381.0,2024-01-09 04:59:59.999,15429173.5454,6955,10509700.0,10502980.7494,0
2024-01-09 05:00:00,0.9995,0.9995,0.9994,0.9995,13651471.0,2024-01-09 05:59:59.999,13644009.8901,6081,7297727.0,7294078.1365,0
2024-01-09 06:00:00,0.9995,0.9995,0.9993,0.9994,26268504.0,2024-01-09 06:59:59.999,26251749.6729,7798,11559497.0,11552582.7253,0
2024-01-09 07:00:00,0.9994,0.9996,0.9994,0.9995,23853835.0,2024-01-09 07:59:59.999,23841412.0584,5266,16029683.0,16021772.4799,0
2024-01-09 08:00:00,0.9995,0.9997,0.9994,0.9996,38414553.0,2024-01-09 08:59:59.999,38398772.7062,8713,23211048.0,23201978.7976,0
2024-01-09 09:00:00,0.9996,0.9997,0.9995,0.9995,33550588.0,2024-01-09 09:59:59.999,33537423.9088,9762,12382366.0,12378082.369,0
2024-01-09 10:00:00,0.9995,0.9996,0.9995,0.9995,10869888.0,2024-01-09 10:59:59.999,10864887.311,4881,4342550.0,4340812.98,0
2024-01-09 11:00:00,0.9995,0.9996,0.9995,0.9995,23854101.0,2024-01-09 11:59:59.999,23843827.7783,6408,16538288.0,16531672.6848,0
2024-01-09 12:00:00,0.9995,0.9997,0.9995,0.9995,48158136.0,2024-01-09 12:59:59.999,48138881.5017,14517,15532277.0,15526501.9825,0
2024-01-09 13:00:00,0.9995,0.9996,0.9994,0.9996,32017898.0,2024-01-09 13:59:59.999,32001524.7743,14781,16638857.0,16630872.0491,0
2024-01-09 14:00:00,0.9996,0.9997,0.9995,0.9996,43924313.0,2024-01-09 14:59:59.999,43907282.3947,11718,26681847.0,26672156.2621,0
2024-01-09 15:00:00,0.9996,0.9998,0.9996,0.9997,42800440.0,2024-01-09 15:59:59.999,42787277.0101,12266,22179960.0,22173937.3551,0
2024-01-09 16:00:00,0.9997,0.9998,0.9996,0.9996,27599961.0,2024-01-09 16:59:59.999,27591996.5158,9578,13242066.0,13238599.8509,0
2024-01-09 17:00:00,0.9997,0.9997,0.9996,0.9996,9525918.0,2024-01-09 17:59:59.999,9522613.4721,5408,5058393.0,5056875.4821,0
2024-01-09 18:00:00,0.9996,0.9998,0.9996,0.9997,15441155.0,2024-01-09 18:59:59.999,15436267.5406,6493,9708376.0,9705518.2304,0
2024-01-09 19:00:00,0.9997,0.9999,0.9997,0.9997,30099157.0,2024-01-09 19:59:59.999,30091975.8953,7655,16182658.0,16179435.2373,0
2024-01-09 20:00:00,0.9998,0.9999,0.9997,0.9997,10267834.0,2024-01-09 20:59:59.999,10265784.4544,7208,2647328.0,2646912.9051,0
2024-01-09 21:00:00,0.9998,1.0,0.9997,1.0,61093480.0,2024-01-09 21:59:59.999,61084488.9117,26641,35785338.0,35781280.2531,0
2024-01-09 22:00:00,0.9999,1.0,0.9996,0.9996,28047361.0,2024-01-09 22:59:59.999,28041325.7197,13206,5300021.0,5299362.9272,0
2024-01-09 23:00:00,0.9996,0.9998,0.9996,0.9998,15370797.0,2024-01-09 23:59:59.999,15365902.0106,6306,11527075.0,11523692.5913,0
2024-01-10 00:00:00,0.9998,0.9999,0.9997,0.9999,19011983.0,2024-01-10 00:59:59.999,19008212.6827,11759,12851693.0,12849394.6655,0
2024-01-10 01:00:00,0.9999,0.9999,0.9997,0.9998,19084799.0,2024-01-10 01:59:59.999,19081063.966,6809,5465378.0,5464547.4296,0
2024-01-10 02:00:00,0.9998,0.9998,0.9997,0.9998,11704690.0,2024-01-10 02:59:59.999,11701632.1541,4838,4535611.0,4534703.8778,0
2024-01-10 03:00:00,0.9998,0.9998,0.9997,0.9997,8256513.0,2024-01-10 03:59:59.999,8254414.6667,4183,3786206.0,3785448.7588,0
2024-01-10 04:00:00,0.9997,0.9998,0.9997,0.9997,11854250.0,2024-01-10 04:59:59.999,11851589.6151,4537,8958901.0,8957109.2198,0
2024-01-10 05:00:00,0.9997,0.9999,0.9997,0.9999,18917253.0,2024-01-10 05:59:59.999,18913449.0479,4858,14069999.0,14067406.4601,0
2024-01-10 06:00:00,0.9999,0.9999,0.9995,0.9995,56901762.0,2024-01-10 06:59:59.999,56885091.3451,8578,15637043.0,15632196.5174,0
2024-01-10 07:00:00,0.9995,0.9997,0.9995,0.9997,23201256.0,2024-01-10 07:59:59.999,23192926.3087,5837,10015492.0,10012441.3087,0
2024-01-10 08:00:00,0.9996,0.9997,0.9996,0.9997,21716524.0,2024-01-10 08:59:59.999,21709205.4595,10344,13680691.0,13676586.7927,0
2024-01-10 09:00:00,0.9997,0.9999,0.9996,0.9998,30090661.0,2024-01-10 09:59:59.999,30083846.6729,11257,21604097.0,21599751.0283,0
2024-01-10 10:00:00,0.9998,0.9999,0.9996,0.9997,33768277.0,2024-01-10 10:59:59.999,33758923.4151,10528,6216300.0,6215011.9554,0
2024-01-10 11:00:00,0.9996,0.9998,0.9996,0.9998,23653067.0,2024-01-10 11:59:59.999,23646893.5493,10038,13359642.0,13356695.2301,0
2024-01-10 12:00:00,0.9998,0.9998,0.9994,0.9997,56236522.0,2024-01-10 12:59:59.999,56215617.1032,19463,16087143.0,16081509.8238,0
2024-01-10 13:00:00,0.9996,0.9998,0.9996,0.9997,24036629.0,2024-01-10 13:59:59.999,24029956.824,10816,14124497.0,14120902.4263,0
2024-01-10 14:00:00,0.9998,0.9999,0.9997,0.9998,35081835.0,2024-01-10 14:59:59.999,35073974.7352,14521,23861015.0,23856466.0117,0
2024-01-10 15:00:00,0.9999,1.0,0.9997,0.9997,38754918.0,2024-01-10 15:59:59.999,38747851.5359,16375,14366905.0,14364998.2999,0
2024-01-10 16:00:00,0.9997,0.9998,0.9997,0.9997,25956542.0,2024-01-10 16:59:59.999,25950457.9472,12595,17029098.0,17025692.1804,0
2024-01-10 17:00:00,0.9997,0.9998,0.9997,0.9997,29503643.0,2024-01-10 17:59:59.999,29496543.8987,10109,17519916.0,17516412.0168,0
2024-01-10 18:00:00,0.9998,0.9998,0.9996,0.9996,28070807.0,2024-01-10 18:59:59.999,28062591.9314,12792,5509742.0,5508523.2725,0
2024-01-10 19:00:00,0.9996,0.9997,0.9995,0.9996,29457137.0,2024-01-10 19:59:59.999,29445508.8531,17436,15311751.0,15306140.4497,0
2024-01-10 20:00:00,0.9996,0.9998,0.9994,0.9998,56156500.0,2024-01-10 20:59:59.999,56130759.5076,24001,30438523.0,30426005.4907,0
2024-01-10 21:00:00,0.9998,1.0,0.9996,1.0,55656412.0,2024-01-10 21:59:59.999,55648356.5177,26850,34018007.0,34013976.4562,0
2024-01-10 22:00:00,1.0,1.0,0.9997,0.9997,34386501.0,2024-01-10 22:59:59.999,34380908.8651,24131,12828307.0,12826874.8083,0
2024-01-10 23:00:00,0.9998,0.9998,0.9995,0.9997,47480625.0,2024-01-10 23:59:59.999,47462884.1706,22838,20487698.0,20480375.2682,0
2024-01-11 00:00:00,0.9997,0.9999,0.9996,0.9997,38771436.0,2024-01-11 00:59:59.999,38761944.3554,16299,24588239.0,24582546.0722,0
2024-01-11 01:00:00,0.9998,0.9998,0.9996,0.9996,22205119.0,2024-01-11 01:59:59.999,22197829.1561,13863,7219693.0,7217597.3623,0
2024-01-11 02:00:00,0.9996,0.9997,0.9996,0.9997,11230361.0,2024-01-11 02:59:59.999,11226293.3222,7941,4244666.0,4243392.6002,0
2024-01-11 03:00:00,0.9996,0.9998,0.9996,0.9998,17586236.0,2024-01-11 03:59:59.999,17580768.7126,8044,13322162.0,13318330.338,0
2024-01-11 04:00:00,0.9997,0.9998,0.9997,0.9997,12981882.0,2024-01-11 04:59:59.999,12978446.0448,10046,4586094.0,4585176.7812,0
2024-01-11 05:00:00,0.9997,0.9998,0.9996,0.9998,22514002.0,2024-01-11 05:59:59.999,22507279.0689,8290,8477053.0,8474702.4911,0
2024-01-11 06:00:00,0.9998,0.9999,0.9997,0.9998,21408853.0,2024-01-11 06:59:59.999,21404289.9657,8367,15042208.0,15039298.3846,0
2024-01-11 07:00:00,0.9998,1.0,0.9998,0.9999,26127033.0,2024-01-11 07:59:59.999,26123649.0362,9198,15993766.0,15992166.7527,0
2024-01-11 08:00:00,0.9999,1.0,0.9998,1.0,17215500.0,2024-01-11 08:59:59.999,17214066.8485,7653,11168499.0,11167773.4302,0
2024-01-11 09:00:00,1.0,1.0,0.9999,0.9999,13990481.0,2024-01-11 09:59:59.999,13989816.8333,6229,7348814.0,7348814.0,0
2024-01-11 10:00:00,1.0,1.0,0.9998,0.9999,48797685.0,2024-01-11 10:59:59.999,48794196.3136,13205,24711970.0,24710919.8165,0
2024-01-11 11:00:00,0.9999,1.0,0.9997,0.9998,25506068.0,2024-01-11 11:59:59.999,25501583.89,14227,7414170.0,7413321.8614,0
2024-01-11 12:00:00,0.9997,0.9998,0.9996,0.9998,65818991.0,2024-01-11 12:59:59.999,65801911.3379,16882,34903486.0,34895933.5552,0
2024-01-11 13:00:00,0.9997,0.9998,0.9995,0.9996,63585114.0,2024-01-11 13:59:59.999,63561137.1418,18831,21496245.0,21489088.7615,0
2024-01-11 14:00:00,0.9996,0.9997,0.9992,0.9994,121644763.0,2024-01-11 14:59:59.999,121578990.4056,30141,57861022.0,57830705.4812,0
2024-01-11 15:00:00,0.9994,1.0,0.9993,1.0,136959087.0,2024-01-11 15:59:59.999,136915555.7689,32677,79230310.0,79205783.4267,0
2024-01-11 16:00:00,1.0,1.0004,0.9998,1.0003,208791009.0,2024-01-11 16:59:59.999,208828351.2108,48083,126123313.0,126147465.6829,0
2024-01-11 17:00:00,1.0002,1.0006,1.0002,1.0004,101994784.0,2024-01-11 17:59:59.999,102035801.8817,27818,58534280.0,58558908.9191,0
2024-01-11 18:00:00,1.0003,1.0004,1.0001,1.0002,41562815.0,2024-01-11 18:59:59.999,41572942.7596,9392,18501300.0,18506090.4273,0
2024-01-11 19:00:00,1.0002,1.0003,0.9999,1.0,54501808.0,2024-01-11 19:59:59.999,54508256.2043,11007,23041161.0,23044385.2941,0
2024-01-11 20:00:00,1.0001,1.0001,0.9997,0.9997,78605782.0,2024-01-11 20:59:59.999,78596690.2413,18719,20230359.0,20228354.1581,0
2024-01-11 21:00:00,0.9998,0.9999,0.9997,0.9999,19993130.0,2024-01-11 21:59:59.999,19989013.0598,7834,11782055.0,11779862.5045,0
2024-01-11 22:00:00,0.9999,1.0,0.9998,0.9999,10224283.0,2024-01-11 22:59:59.999,10223065.1633,8390,7216128.0,7215474.6327,0
2024-01-11 23:00:00,0.9999,1.0,0.9999,1.0,5769810.0,2024-01-11 23:59:59.999,5769426.9498,6128,1939308.0,1939308.0,0
2024-01-12 00:00:00,1.0,1.0,0.9998,0.9998,12470246.0,2024-01-12 00:59:59.999,12469005.1592,9298,3655274.0,3655072.1879,0
2024-01-12 01:00:00,0.9998,1.0,0.9998,0.9999,14692548.0,2024-01-12 01:59:59.999,14690564.5495,8346,8102533.0,8101779.9382,0
2024-01-12 02:00:00,0.9999,1.0001,0.9999,1.0,11487735.0,2024-01-12 02:59:59.999,11487573.7662,5382,8478614.0,8478664.4128,0
2024-01-12 03:00:00,1.0001,1.0001,0.9999,0.9999,9206828.0,2024-01-12 03:59:59.999,9206766.084,6816,4302099.0,4302191.4247,0
2024-01-12 04:00:00,0.9999,1.0001,0.9999,1.0,10598182.0,2024-01-12 04:59:59.999,10598365.0614,6644,7801669.0,7801937.2942,0
2024-01-12 05:00:00,1.0,1.0001,1.0,1.0,6019675.0,2024-01-12 05:59:59.999,6020019.6696,5570,3446696.0,3447040.6696,0
2024-01-12 06:00:00,1.0001,1.0002,0.9999,0.9999,48709788.0,2024-01-12 06:59:59.999,48713229.7211,7982,20562061.0,20564142.803,0
2024-01-12 07:00:00,0.9999,1.0,0.9997,0.9998,23539217.0,2024-01-12 07:59:59.999,23535973.8625,6931,7211017.0,7210270.0538,0
2024-01-12 08:00:00,0.9999,0.9999,0.9998,0.9998,12620942.0,2024-01-12 08:59:59.999,12619293.5867,6927,8757751.0,8756875.2249,0
2024-01-12 09:00:00,0.9998,1.0001,0.9998,1.0,20700849.0,2024-01-12 09:59:59.999,20700415.2349,8603,13758565.0,13758534.1154,0
2024-01-12 10:00:00,1.0,1.0001,0.9999,0.9999,17831040.0,2024-01-12 10:59:59.999,17831009.0468,7819,7739507.0,7739828.8933,0
2024-01-12 11:00:00,0.9999,1.0001,0.9999,1.0,21644769.0,2024-01-12 11:59:59.999,21645321.5266,13099,10920485.0,10921065.2794,0
2024-01-12 12:00:00,1.0,1.0001,0.9999,1.0,30919025.0,2024-01-12 12:59:59.999,30919546.6336,15406,16421933.0,16422518.0025,0
2024-01-12 13:00:00,1.0,1.0002,0.9999,1.0,39070832.0,2024-01-12 13:59:59.999,39071938.6128,14694,21106306.0,21107358.3157,0
2024-01-12 14:00:00,1.0,1.0001,0.9998,0.9999,47710500.0,2024-01-12 14:59:59.999,47708885.643,20635,17920225.0,17919948.9192,0
2024-01-12 15:00:00,0.9999,1.0004,0.9998,1.0002,90275660.0,2024-01-12 15:59:59.999,90284122.6862,36499,51086535.0,51093667.3305,0
2024-01-12 16:00:00,1.0002,1.0007,1.0002,1.0005,139743760.0,2024-01-12 16:59:59.999,139812575.6176,34604,87696153.0,87740827.4345,0
2024-01-12 17:00:00,1.0005,1.0013,1.0004,1.0011,82338722.0,2024-01-12 17:59:59.999,82400880.2747,31595,45333745.0,45368987.568,0
2024-01-12 18:00:00,1.0011,1.0012,1.0008,1.0011,43078381.0,2024-01-12 18:59:59.999,43121375.653,18521,18795531.0,18814711.6775,0
2024-01-12 19:00:00,1.0011,1.0012,1.0009,1.0011,22926462.0,2024-01-12 19:59:59.999,22951603.2854,13038,12271854.0,12285712.3664,0
2024-01-12 20:00:00,1.0011,1.0012,1.0001,1.0003,74439398.0,2024-01-12 20:59:59.999,74470909.9057,18246,31418117.0,31431324.301,0
2024-01-12 21:00:00,1.0003,1.0006,1.0001,1.0005,51217445.0,2024-01-12 21:59:59.999,51232762.0477,14539,24641638.0,24650384.2292,0
2024-01-12 22:00:00,1.0005,1.0013,1.0003,1.0006,49106023.0,2024-01-12 22:59:59.999,49135900.7705,24303,26167994.0,26184189.6433,0
2024-01-12 23:00:00,1.0006,1.0007,1.0002,1.0004,30206699.0,2024-01-12 23:59:59.999,30218651.105,13320,9627247.0,9631148.3793,0
2024-01-13 00:00:00,1.0004,1.0005,1.0002,1.0003,16158146.0,2024-01-13 00:59:59.999,16163516.4721,7341,10346136.0,10349838.438,0
2024-01-13 01:00:00,1.0003,1.0006,1.0002,1.0005,22739424.0,2024-01-13 01:59:59.999,22747023.6234,13210,13022825.0,13027483.9437,0
2024-01-13 02:00:00,1.0005,1.0006,1.0002,1.0002,18947163.0,2024-01-13 02:59:59.999,18953465.7549,10589,7285879.0,7288259.9233,0
2024-01-13 03:00:00,1.0002,1.0004,1.0002,1.0003,10605270.0,2024-01-13 03:59:59.999,10608302.0433,5168,7696986.0,7699363.5195,0
2024-01-13 04:00:00,1.0004,1.0004,1.0003,1.0004,10636926.0,2024-01-13 04:59:59.999,10640629.8371,7120,5127593.0,5129644.0372,0
2024-01-13 05:00:00,1.0003,1.0004,1.0003,1.0004,6070717.0,2024-01-13 05:59:59.999,6072782.0542,6741,2438391.0,2439366.3564,0
2024-01-13 06:00:00,1.0004,1.0004,1.0001,1.0002,25083145.0,2024-01-13 06:59:59.999,25090061.0238,10327,7864803.0,7867386.0358,0
2024-01-13 07:00:00,1.0002,1.0003,1.0001,1.0001,17217248.0,2024-01-13 07:59:59.999,17220636.3101,7347,8871500.0,8873410.5546,0
2024-01-13 08:00:00,1.0001,1.0002,1.0001,1.0001,10015807.0,2024-01-13 08:59:59.999,10017236.3458,6187,4277651.0,4278506.5302,0
2024-01-13 09:00:00,1.0001,1.0002,1.0,1.0001,21822901.0,2024-01-13 09:59:59.999,21825510.6899,8833,11666160.0,11667797.7872,0
2024-01-13 10:00:00,1.0001,1.0003,1.0001,1.0003,10016565.0,2024-01-13 10:59:59.999,10018455.8676,6829,6143017.0,6144371.6101,0
2024-01-13 11:00:00,1.0003,1.0003,1.0002,1.0002,10177774.0,2024-01-13 11:59:59.999,10180500.1198,6130,6905650.0,6907721.695,0
2024-01-13 12:00:00,1.0002,1.0004,1.0002,1.0002,13415859.0,2024-01-13 12:59:59.999,13419625.3309,6096,9754532.0,9757460.0787,0
2024-01-13 13:00:00,1.0003,1.0003,1.0001,1.0002,10520138.0,2024-01-13 13:59:59.999,10522527.6298,5156,2925958.0,2926829.6637,0
2024-01-13 14:00:00,1.0002,1.0004,1.0001,1.0003,11857936.0,2024-01-13 14:59:59.999,11861105.3237,6473,8716328.0,8718828.2438,0
2024-01-13 15:00:00,1.0003,1.0005,1.0003,1.0004,14686763.0,2024-01-13 15:59:59.999,14692167.9236,8218,8234356.0,8237659.0447,0
2024-01-13 16:00:00,1.0004,1.0004,1.0002,1.0002,11596223.0,2024-01-13 16:59:59.999,11599474.4355,7229,4886731.0,4888268.4015,0
2024-01-13 17:00:00,1.0003,1.0003,1.0001,1.0001,11553623.0,2024-01-13 17:59:59.999,11556184.6171,9670,4526097.0,4527285.6181,0
2024-01-13 18:00:00,1.0001,1.0004,1.0001,1.0003,10978852.0,2024-01-13 18:59:59.999,10981561.7475,4881,8111129.0,8113256.1849,0
2024-01-13 19:00:00,1.0003,1.0004,1.0003,1.0004,6348729.0,2024-01-13 19:59:59.999,6350936.1739,5300,3025552.0,3026762.2208,0
2024-01-13 20:00:00,1.0004,1.0004,1.0002,1.0002,6340545.0,2024-01-13 20:59:59.999,6342330.247,7857,1284949.0,1285385.7851,0
2024-01-13 21:00:00,1.0002,1.0003,1.0001,1.0001,7379407.0,2024-01-13 21:59:59.999,7380685.1959,5240,2158426.0,2158880.968,0
2024-01-13 22:00:00,1.0001,1.0003,1.0001,1.0002,10724862.0,2024-01-13 22:59:59.999,10727079.5651,6902,7278942.0,7280487.8186,0
2024-01-13 23:00:00,1.0002,1.0003,1.0001,1.0002,6225513.0,2024-01-13 23:59:59.999,6226687.8683,6902,1659057.0,1659513.5213,0
2024-01-14 00:00:00,1.0001,1.0003,1.0001,1.0002,13969298.0,2024-01-14 00:59:59.999,13971808.5976,8185,8378016.0,8379733.5568,0
2024-01-14 01:00:00,1.0002,1.0003,1.0001,1.0002,10925214.0,2024-01-14 01:59:59.999,10927298.2299,4869,6806561.0,6807945.4122,0
2024-01-14 02:00:00,1.0002,1.0003,1.0002,1.0002,6328014.0,2024-01-14 02:59:59.999,6329633.1851,5906,3535823.0,3536883.7469,0
2024-01-14 03:00:00,1.0003,1.0004,1.0002,1.0004,9361330.0,2024-01-14 03:59:59.999,9364044.5966,5779,6696403.0,6698443.7438,0
2024-01-14 04:00:00,1.0004,1.0004,1.0002,1.0004,7398451.0,2024-01-14 04:59:59.999,7400873.1205,4496,3017105.0,3018231.1422,0
2024-01-14 05:00:00,1.0003,1.0005,1.0003,1.0004,10981753.0,2024-01-14 05:59:59.999,10986024.3904,4687,7663021.0,7666087.076,0
2024-01-14 06:00:00,1.0003,1.0005,1.0003,1.0004,11879810.0,2024-01-14 06:59:59.999,11883995.1578,4972,3173006.0,3174308.9044,0
2024-01-14 07:00:00,1.0003,1.0004,1.0001,1.0004,16230397.0,2024-01-14 07:59:59.999,16234671.9655,5068,7074197.0,7076340.4543,0
2024-01-14 08:00:00,1.0004,1.0004,1.0002,1.0003,6943117.0,2024-01-14 08:59:59.999,6945072.7646,3960,2122731.0,2123384.2119,0
2024-01-14 09:00:00,1.0003,1.0003,1.0001,1.0003,8734514.0,2024-01-14 09:59:59.999,8736327.1509,5314,3844837.0,3845702.575,0
2024-01-14 10:00:00,1.0002,1.0003,1.0002,1.0002,3105984.0,2024-01-14 10:59:59.999,3106711.7209,3287,1065241.0,1065560.5723,0
2024-01-14 11:00:00,1.0003,1.0003,1.0002,1.0002,5428152.0,2024-01-14 11:59:59.999,5429474.2806,5449,2366502.0,2367211.9506,0
2024-01-14 12:00:00,1.0003,1.0003,1.0002,1.0002,4597427.0,2024-01-14 12:59:59.999,4598627.306,3763,2808206.0,2809048.4618,0
2024-01-14 13:00:00,1.0002,1.0003,1.0002,1.0003,3871846.0,2024-01-14 13:59:59.999,3872886.9321,5151,2665629.0,2666428.6887,0
2024-01-14 14:00:00,1.0003,1.0003,1.0002,1.0002,4769956.0,2024-01-14 14:59:59.999,4771159.3457,4496,2493545.0,2494293.0635,0
2024-01-14 15:00:00,1.0002,1.0003,1.0002,1.0003,4955666.0,2024-01-14 15:59:59.999,4956926.4177,4595,2692845.0,2693652.8535,0
2024-01-14 16:00:00,1.0002,1.0004,1.0002,1.0003,8724303.0,2024-01-14 16:59:59.999,8726752.538,6725,5472717.0,5474438.0171,0
2024-01-14 17:00:00,1.0004,1.0005,1.0003,1.0003,7472106.0,2024-01-14 17:59:59.999,7475070.798,5689,3659680.0,3661241.5189,0
2024-01-14 18:00:00,1.0003,1.0004,1.0003,1.0004,4687129.0,2024-01-14 18:59:59.999,4688806.1191,4348,2709804.0,2710887.9216,0
2024-01-14 19:00:00,1.0004,1.0005,1.0003,1.0005,12884012.0,2024-01-14 19:59:59.999,12889261.0911,8651,8776176.0,8779887.0232,0
2024-01-14 20:00:00,1.0004,1.0007,1.0003,1.0006,26766061.0,2024-01-14 20:59:59.999,26778781.2016,12555,15430670.0,15437997.4095,0
2024-01-14 21:00:00,1.0005,1.0008,1.0005,1.0006,22492490.0,2024-01-14 21:59:59.999,22506190.5585,9993,11953041.0,11960462.2648,0
2024-01-14 22:00:00,1.0006,1.0007,1.0004,1.0005,18639814.0,2024-01-14 22:59:59.999,18650322.8721,9028,7256932.0,7261084.1631,0
2024-01-14 23:00:00,1.0004,1.0008,1.0004,1.0007,23665630.0,2024-01-14 23:59:59.999,23678701.4883,12338,15955696.0,15964972.1406,0
2024-01-15 00:00:00,1.0008,1.0008,1.0004,1.0004,34258324.0,2024-01-15 00:59:59.999,34278614.0341,10432,13774084.0,13782382.3143,0
2024-01-15 01:00:00,1.0004,1.0006,1.0004,1.0005,19276927.0,2024-01-15 01:59:59.999,19286228.6721,12669,12165255.0,12171400.4148,0
2024-01-15 02:00:00,1.0006,1.0007,1.0005,1.0005,8024724.0,2024-01-15 02:59:59.999,8029288.0012,5461,4844914.0,4847840.5416,0
2024-01-15 03:00:00,1.0006,1.0006,1.0005,1.0005,7778356.0,2024-01-15 03:59:59.999,7782513.7705,4889,2685925.0,2687536.555,0
2024-01-15 04:00:00,1.0006,1.0006,1.0003,1.0003,18017200.0,2024-01-15 04:59:59.999,18024477.502,4915,7285084.0,7288139.6868,0
2024-01-15 05:00:00,1.0003,1.0005,1.0003,1.0004,11274298.0,2024-01-15 05:59:59.999,11278343.03,7349,6604464.0,6607105.8998,0
2024-01-15 06:00:00,1.0005,1.0005,1.0004,1.0004,13197537.0,2024-01-15 06:59:59.999,13203238.9822,7445,4229674.0,4231788.837,0
2024-01-15 07:00:00,1.0004,1.0007,1.0004,1.0006,25820616.0,2024-01-15 07:59:59.999,25833759.1692,5574,18097014.0,18106609.4037,0
2024-01-15 08:00:00,1.0007,1.001,1.0005,1.0007,55941834.0,2024-01-15 08:59:59.999,55982684.0743,5276,32367588.0,32391550.5993,0
2024-01-15 09:00:00,1.0007,1.0008,1.0007,1.0007,14841851.0,2024-01-15 09:59:59.999,14853161.0946,5489,9207989.0,9215355.3912,0
2024-01-15 10:00:00,1.0007,1.0008,1.0005,1.0006,19391306.0,2024-01-15 10:59:59.999,19403415.3603,5546,9003309.0,9008922.4227,0
2024-01-15 11:00:00,1.0006,1.0008,1.0005,1.0005,13610837.0,2024-01-15 11:59:59.999,13619618.6245,5153,2732236.0,2734235.4411,0
2024-01-15 12:00:00,1.0006,1.0006,1.0005,1.0005,26358954.0,2024-01-15 12:59:59.999,26373383.9899,7054,12505129.0,12512632.0774,0
2024-01-15 13:00:00,1.0006,1.0006,1.0003,1.0004,32392241.0,2024-01-15 13:59:59.999,32407056.1331,6339,10506041.0,10511330.9247,0
2024-01-15 14:00:00,1.0004,1.0005,1.0003,1.0004,31459906.0,2024-01-15 14:59:59.999,31472459.4283,10632,16390463.0,16397457.3889,0
2024-01-15 15:00:00,1.0005,1.0008,1.0004,1.0006,45343752.0,2024-01-15 15:59:59.999,45373001.5935,8469,28397522.0,28416112.7672,0
2024-01-15 16:00:00,1.0007,1.0009,1.0005,1.0006,27574238.0,2024-01-15 16:59:59.999,27593898.9836,6642,13615464.0,13625077.6538,0
2024-01-15 17:00:00,1.0006,1.0007,1.0006,1.0006,8293963.0,2024-01-15 17:59:59.999,8299306.4436,5750,3670658.0,3673227.4606,0
2024-01-15 18:00:00,1.0007,1.001,1.0006,1.0008,27206898.0,2024-01-15 18:59:59.999,27228304.7539,10582,17996044.0,18010360.2601,0
2024-01-15 19:00:00,1.0008,1.0009,1.0007,1.0007,6678834.0,2024-01-15 19:59:59.999,6683868.8926,3938,2189092.0,2190843.4666,0
2024-01-15 20:00:00,1.0007,1.0008,1.0006,1.0007,11037852.0,2024-01-15 20:59:59.999,11045688.1252,4978,4748887.0,4752370.9921,0
2024-01-15 21:00:00,1.0008,1.0008,1.0007,1.0007,6084081.0,2024-01-15 21:59:59.999,6088625.113,4229,2852563.0,2854845.0504,0
2024-01-15 22:00:00,1.0008,1.0009,1.0007,1.0008,17513850.0,2024-01-15 22:59:59.999,17527832.7721,7749,9850753.0,9858848.8595,0
2024-01-15 23:00:00,1.0009,1.0009,1.0006,1.0006,10954335.0,2024-01-15 23:59:59.999,10962558.2448,4781,2973301.0,2975769.6429,0
2024-01-16 00:00:00,1.0006,1.0009,1.0006,1.0008,17580664.0,2024-01-16 00:59:59.999,17592692.2694,5989,11239740.0,11247871.8749,0
2024-01-16 01:00:00,1.0008,1.0009,1.0008,1.0009,10627783.0,2024-01-16 01:59:59.999,10636651.7347,4087,3665083.0,3668381.5747,0
2024-01-16 02:00:00,1.0009,1.0009,1.0006,1.0007,23187743.0,2024-01-16 02:59:59.999,23205266.5,7473,12056010.0,12065393.6027,0
2024-01-16 03:00:00,1.0008,1.0012,1.0007,1.0008,41059760.0,2024-01-16 03:59:59.999,41095274.4834,10106,20435400.0,20453086.1088,0
2024-01-16 04:00:00,1.0008,1.0012,1.0008,1.0011,20396015.0,2024-01-16 04:59:59.999,20417057.0777,6270,9922018.0,9932215.3216,0
2024-01-16 05:00:00,1.0011,1.0013,1.0011,1.0011,14991046.0,2024-01-16 05:59:59.999,15008349.6971,7673,5482719.0,5489317.0645,0
2024-01-16 06:00:00,1.0011,1.0012,1.0009,1.0009,15383016.0,2024-01-16 06:59:59.999,15398175.104,5098,3023176.0,3026245.6187,0
2024-01-16 07:00:00,1.0009,1.0012,1.0009,1.0011,28282330.0,2024-01-16 07:59:59.999,28311013.2552,7062,16733952.0,16751157.9598,0
2024-01-16 08:00:00,1.0012,1.0014,1.0009,1.001,29892479.0,2024-01-16 08:59:59.999,29926277.2234,6512,10777423.0,10790185.1038,0
2024-01-16 09:00:00,1.0011,1.0013,1.001,1.0012,22512380.0,2024-01-16 09:59:59.999,22538499.8806,9047,11478804.0,11492355.1911,0
2024-01-16 10:00:00,1.0013,1.0013,1.001,1.0011,37963170.0,2024-01-16 10:59:59.999,38007959.5578,6964,19148691.0,19172295.9554,0
2024-01-16 11:00:00,1.0011,1.0013,1.001,1.001,24777465.0,2024-01-16 11:59:59.999,24805600.6022,7010,6827338.0,6835514.3151,0
2024-01-16 12:00:00,1.0011,1.0011,1.0008,1.0009,27091965.0,2024-01-16 12:59:59.999,27117691.9215,7831,12141326.0,12153182.3629,0
2024-01-16 13:00:00,1.0009,1.0011,1.0007,1.0007,20241535.0,2024-01-16 13:59:59.999,20259693.5622,6936,6130650.0,6136381.9731,0
2024-01-16 14:00:00,1.0007,1.0011,1.0004,1.0007,72121246.0,2024-01-16 14:59:59.999,72175112.6077,15791,31612989.0,31637011.2962,0
2024-01-16 15:00:00,1.0006,1.0008,1.0005,1.0005,52590372.0,2024-01-16 15:59:59.999,52626818.7838,18700,23144397.0,23161267.7492,0
2024-01-16 16:00:00,1.0006,1.0006,1.0002,1.0003,63176666.0,2024-01-16 16:59:59.999,63203201.8537,11564,26587299.0,26598365.5531,0
2024-01-16 17:00:00,1.0003,1.0005,1.0003,1.0004,14285186.0,2024-01-16 17:59:59.999,14290962.8252,5786,8383522.0,8387136.0263,0
2024-01-16 18:00:00,1.0004,1.0005,1.0003,1.0003,21440758.0,2024-01-16 18:59:59.999,21448728.0632,6551,9445896.0,9449831.9371,0
2024-01-16 19:00:00,1.0004,1.0004,1.0002,1.0003,16547235.0,2024-01-16 19:59:59.999,16552606.9069,4558,9161742.0,9164933.3468,0
2024-01-16 20:00:00,1.0003,1.0004,0.9999,1.0003,47084207.0,2024-01-16 20:59:59.999,47090921.0065,9608,18657040.0,18660414.7737,0
2024-01-16 21:00:00,1.0003,1.0003,1.0001,1.0001,15090724.0,2024-01-16 21:59:59.999,15093432.2226,9975,5597081.0,5598334.6158,0
2024-01-16 22:00:00,1.0002,1.0002,1.0001,1.0001,6055336.0,2024-01-16 22:59:59.999,6056187.8931,6593,2463595.0,2464087.719,0
2024-01-16 23:00:00,1.0002,1.0005,1.0001,1.0003,33900770.0,2024-01-16 23:59:59.999,33909653.1348,7530,23585565.0,23592259.9006,0
2024-01-17 00:00:00,1.0003,1.0004,1.0002,1.0002,11388766.0,2024-01-17 00:59:59.999,11392197.6232,8548,4340215.0,4341741.699,0
2024-01-17 01:00:00,1.0002,1.0003,1.0002,1.0002,8136204.0,2024-01-17 01:59:59.999,8138233.8372,3545,4025964.0,4027171.7892,0
2024-01-17 02:00:00,1.0002,1.0004,1.0002,1.0003,6508666.0,2024-01-17 02:59:59.999,6510645.976,3112,5363763.0,5365470.4553,0
2024-01-17 03:00:00,1.0003,1.0004,1.0003,1.0004,4909599.0,2024-01-17 03:59:59.999,4911357.6627,5219,2857830.0,2858973.132,0
2024-01-17 04:00:00,1.0004,1.0005,1.0003,1.0005,12439082.0,2024-01-17 04:59:59.999,12444272.1368,5977,8355467.0,8359097.367,0
2024-01-17 05:00:00,1.0004,1.0005,1.0004,1.0005,6245393.0,2024-01-17 05:59:59.999,6248273.1378,6136,3819806.0,3821715.903,0
2024-01-17 06:00:00,1.0005,1.0005,1.0004,1.0004,8570031.0,2024-01-17 06:59:59.999,8573945.5146,7475,4865022.0,4867454.511,0
2024-01-17 07:00:00,1.0004,1.0006,1.0004,1.0005,11160385.0,2024-01-17 07:59:59.999,11165892.4849,7221,6111208.0,6114363.6259,0
2024-01-17 08:00:00,1.0005,1.0008,1.0004,1.0006,33834540.0,2024-01-17 08:59:59.999,33854107.2449,8642,19434471.0,19445583.5976,0
2024-01-17 09:00:00,1.0006,1.0009,1.0006,1.0006,25926461.0,2024-01-17 09:59:59.999,25944430.17,7031,11869009.0,11877372.0449,0
2024-01-17 10:00:00,1.0006,1.001,1.0006,1.0008,36254165.0,2024-01-17 10:59:59.999,36282633.9121,8976,23145698.0,23164183.9025,0
2024-01-17 11:00:00,1.0007,1.001,1.0007,1.0008,20088568.0,2024-01-17 11:59:59.999,20104773.1085,7216,8432210.0,8439253.3056,0
2024-01-17 12:00:00,1.0008,1.0008,1.0006,1.0008,20186571.0,2024-01-17 12:59:59.999,20200514.9803,7998,9919575.0,9926713.8021,0
2024-01-17 13:00:00,1.0007,1.0009,1.0006,1.0008,20553582.0,2024-01-17 13:59:59.999,20569294.3153,8481,6620005.0,6625219.9622,0
2024-01-17 14:00:00,1.0008,1.001,1.0005,1.0008,48638426.0,2024-01-17 14:59:59.999,48675649.7188,11898,22364487.0,22381877.6393,0
2024-01-17 15:00:00,1.0007,1.0008,1.0005,1.0007,44212157.0,2024-01-17 15:59:59.999,44240126.6388,12061,19060231.0,19072646.9011,0
2024-01-17 16:00:00,1.0007,1.001,1.0006,1.001,32060873.0,2024-01-17 16:59:59.999,32084789.3552,11226,14460044.0,14471311.6109,0
2024-01-17 17:00:00,1.0009,1.0011,1.0008,1.001,36511961.0,2024-01-17 17:59:59.999,36545286.5664,12166,17113645.0,17129393.2313,0
2024-01-17 18:00:00,1.001,1.0012,1.0009,1.0011,24984770.0,2024-01-17 18:59:59.999,25010700.0107,8731,12362534.0,12375682.3818,0
2024-01-17 19:00:00,1.0011,1.0012,1.0007,1.0008,32641148.0,2024-01-17 19:59:59.999,32671703.4033,7743,9350892.0,9360381.7255,0
2024-01-17 20:00:00,1.0008,1.0009,1.0004,1.0007,113131884.0,2024-01-17 20:59:59.999,113205940.3378,16553,46802539.0,46833951.5687,0
2024-01-17 21:00:00,1.0006,1.001,1.0006,1.001,24080079.0,2024-01-17 21:59:59.999,24099032.9174,10560,17406044.0,17420100.7603,0
2024-01-17 22:00:00,1.001,1.001,1.0008,1.001,11664862.0,2024-01-17 22:59:59.999,11675357.6245,7624,5666753.0,5672081.0079,0
2024-01-17 23:00:00,1.001,1.001,1.0009,1.001,5172436.0,2024-01-17 23:59:59.999,5177408.3696,4664,3171772.0,3174943.772,0
2024-01-18 00:00:00,1.001,1.001,1.0008,1.0009,12698251.0,2024-01-18 00:59:59.999,12709666.0627,5309,5955611.0,5961073.3924,0
2024-01-18 01:00:00,1.0009,1.0011,1.0008,1.0009,15518558.0,2024-01-18 01:59:59.999,15533031.7968,5633,7015744.0,7022626.0298,0
2024-01-18 02:00:00,1.0008,1.001,1.0008,1.0009,8845958.0,2024-01-18 02:59:59.999,8853830.774,6388,6306922.0,6312699.0227,0
2024-01-18 03:00:00,1.001,1.0013,1.0009,1.0012,28984745.0,2024-01-18 03:59:59.999,29017183.7059,7562,15567229.0,15584321.3102,0
2024-01-18 04:00:00,1.0012,1.0014,1.0009,1.001,24877618.0,2024-01-18 04:59:59.999,24906138.0961,6464,14025136.0,14041410.7497,0
2024-01-18 05:00:00,1.0011,1.0012,1.0009,1.0011,18666965.0,2024-01-18 05:59:59.999,18687069.1561,4181,11317375.0,11329825.2192,0
2024-01-18 06:00:00,1.0011,1.0012,1.001,1.0011,13874728.0,2024-01-18 06:59:59.999,13890387.7881,7378,7287048.0,7295498.7672,0
2024-01-18 07:00:00,1.0011,1.0014,1.0011,1.0013,23705501.0,2024-01-18 07:59:59.999,23735449.7652,5961,13070720.0,13087330.6195,0
2024-01-18 08:00:00,1.0013,1.0014,1.0012,1.0013,8798282.0,2024-01-18 08:59:59.999,8809312.5986,3271,4109879.0,4115222.9831,0
2024-01-18 09:00:00,1.0012,1.0013,1.0011,1.0012,14059756.0,2024-01-18 09:59:59.999,14076697.2259,7760,4578093.0,4583725.7268,0
2024-01-18 10:00:00,1.0012,1.0014,1.0012,1.0013,19895709.0,2024-01-18 10:59:59.999,19921138.7776,9695,9449644.0,9462020.7464,0
2024-01-18 11:00:00,1.0012,1.0015,1.0011,1.0012,22246119.0,2024-01-18 11:59:59.999,22274500.5277,6584,9309860.0,9322105.7146,0
2024-01-18 12:00:00,1.0011,1.0012,1.0009,1.001,27235508.0,2024-01-18 12:59:59.999,27264042.6558,7266,10495276.0,10506555.9387,0
2024-01-18 13:00:00,1.0009,1.0012,1.0009,1.0011,21502818.0,2024-01-18 13:59:59.999,21525656.2317,8684,12013042.0,12026158.143,0
2024-01-18 14:00:00,1.001,1.0012,1.001,1.0011,25339325.0,2024-01-18 14:59:59.999,25367675.6573,7722,15993879.0,16012415.4803,0
2024-01-18 15:00:00,1.0011,1.0012,1.0009,1.0011,24974773.0,2024-01-18 15:59:59.999,25001238.012,7959,10792641.0,10804269.2106,0
2024-01-18 16:00:00,1.0011,1.0016,1.001,1.0014,44249264.0,2024-01-18 16:59:59.999,44303421.8371,15242,23743478.0,23772880.8542,0
2024-01-18 17:00:00,1.0014,1.0016,1.0011,1.0013,65839764.0,2024-01-18 17:59:59.999,65929471.2369,22128,30345849.0,30387589.4483,0
2024-01-18 18:00:00,1.0013,1.0016,1.0011,1.0014,47921065.0,2024-01-18 18:59:59.999,47985418.4245,16407,36241535.0,36289959.8913,0
2024-01-18 19:00:00,1.0015,1.0019,1.0012,1.0012,51319145.0,2024-01-18 19:59:59.999,51394227.3602,18176,23992373.0,24027439.6155,0
2024-01-18 20:00:00,1.0013,1.0023,1.0012,1.0017,45456072.0,2024-01-18 20:59:59.999,45530238.3405,14521,23903047.0,23941892.1576,0
2024-01-18 21:00:00,1.0017,1.0021,1.0014,1.0014,23439906.0,2024-01-18 21:59:59.999,23477250.2763,10766,13513876.0,13535635.6874,0
2024-01-18 22:00:00,1.0014,1.0015,1.0009,1.001,20084438.0,2024-01-18 22:59:59.999,20107748.5567,7737,6737913.0,6746157.6636,0
2024-01-18 23:00:00,1.001,1.0011,1.0008,1.001,13982955.0,2024-01-18 23:59:59.999,13996775.429,4599,4389639.0,4394301.1418,0
2024-01-19 00:00:00,1.001,1.0011,1.0009,1.001,13165606.0,2024-01-19 00:59:59.999,13178654.0082,4524,7948386.0,7956524.4673,0
2024-01-19 01:00:00,1.001,1.0013,1.001,1.0011,20877350.0,2024-01-19 01:59:59.999,20901147.7596,6514,8655558.0,8665938.7348,0
2024-01-19 02:00:00,1.0012,1.0012,1.001,1.0011,13360487.0,2024-01-19 02:59:59.999,13375407.1993,5046,5110225.0,5116151.6789,0
2024-01-19 03:00:00,1.0011,1.0013,1.0011,1.0012,18742340.0,2024-01-19 03:59:59.999,18764946.7313,9566,9518148.0,9530127.237,0
2024-01-19 04:00:00,1.0013,1.0013,1.0011,1.0012,20130954.0,2024-01-19 04:59:59.999,20155639.4507,8942,5377855.0,5384846.2115,0
2024-01-19 05:00:00,1.0012,1.0013,1.0011,1.0011,11665669.0,2024-01-19 05:59:59.999,11679580.6435,5814,3560015.0,3564410.5477,0
2024-01-19 06:00:00,1.0012,1.0013,1.001,1.0011,28006283.0,2024-01-19 06:59:59.999,28039238.9392,6423,10602977.0,10615657.3865,0
2024-01-19 07:00:00,1.0011,1.0013,1.0011,1.0012,22918884.0,2024-01-19 07:59:59.999,22946156.4506,4946,14775109.0,14792980.7003,0
2024-01-19 08:00:00,1.0012,1.0014,1.0012,1.0012,21579764.0,2024-01-19 08:59:59.999,21608053.3945,4687,8414096.0,8425347.7809,0
2024-01-19 09:00:00,1.0013,1.0014,1.0012,1.0012,30681546.0,2024-01-19 09:59:59.999,30720608.9728,6622,16486951.0,16508485.8563,0
2024-01-19 10:00:00,1.0013,1.0013,1.0011,1.0012,25007868.0,2024-01-19 10:59:59.999,25038988.3217,4965,13697413.0,13714970.9149,0
2024-01-19 11:00:00,1.0012,1.0013,1.0011,1.0011,25143135.0,2024-01-19 11:59:59.999,25173419.5416,4800,9649761.0,9661756.0196,0
2024-01-19 12:00:00,1.0011,1.0012,1.001,1.0011,10053683.0,2024-01-19 12:59:59.999,10065106.0541,3397,4641345.0,4646820.7652,0
2024-01-19 13:00:00,1.0011,1.0012,1.001,1.001,12973486.0,2024-01-19 13:59:59.999,12987500.5964,4589,4499216.0,4504239.0066,0
2024-01-19 14:00:00,1.0011,1.0012,1.0009,1.0011,35788542.0,2024-01-19 14:59:59.999,35826285.9763,9341,16181859.0,16199536.6683,0
2024-01-19 15:00:00,1.0012,1.0014,1.0009,1.001,57404156.0,2024-01-19 15:59:59.999,57473603.6971,13786,27428527.0,27462563.6005,0
2024-01-19 16:00:00,1.0011,1.0012,1.001,1.001,42674704.0,2024-01-19 16:59:59.999,42720991.3991,16498,19527971.0,19549745.5694,0
2024-01-19 17:00:00,1.001,1.0017,1.001,1.0014,43324222.0,2024-01-19 17:59:59.999,43382249.2956,15145,21369979.0,21398686.9973,0
2024-01-19 18:00:00,1.0015,1.0015,1.0011,1.0011,38100319.0,2024-01-19 18:59:59.999,38150651.8726,14385,14581721.0,14601176.2637,0
2024-01-19 19:00:00,1.0011,1.0013,1.0011,1.0012,20411899.0,2024-01-19 19:59:59.999,20436373.3,9875,8727049.0,8737916.4858,0
2024-01-19 20:00:00,1.0012,1.0013,1.0006,1.0008,46479112.0,2024-01-19 20:59:59.999,46520266.5067,13503,20442474.0,20460541.4904,0
2024-01-19 21:00:00,1.0009,1.0011,1.0007,1.0009,25051554.0,2024-01-19 21:59:59.999,25075064.0187,9307,10112709.0,10122424.5817,0
2024-01-19 22:00:00,1.0009,1.0011,1.0009,1.001,20432118.0,2024-01-19 22:59:59.999,20452422.7349,6653,11133176.0,11144555.9679,0
2024-01-19 23:00:00,1.001,1.0011,1.0009,1.0009,16505632.0,2024-01-19 23:59:59.999,16522034.813,5606,10683795.0,10694592.6284,0
2024-01-20 00:00:00,1.001,1.0011,1.0009,1.0009,16175705.0,2024-01-20 00:59:59.999,16191496.0174,8383,8906785.0,8915737.1905,0
2024-01-20 01:00:00,1.0009,1.001,1.0008,1.001,16155884.0,2024-01-20 01:59:59.999,16170862.2882,7033,9975490.0,9984938.6589,0
2024-01-20 02:00:00,1.001,1.0011,1.0009,1.001,10338878.0,2024-01-20 02:59:59.999,10349168.6802,5921,6366755.0,6373205.3204,0
2024-01-20 03:00:00,1.001,1.001,1.0007,1.0008,7830129.0,2024-01-20 03:59:59.999,7836583.7214,5881,2008750.0,2010463.4637,0
2024-01-20 04:00:00,1.0008,1.0008,1.0007,1.0008,2587362.0,2024-01-20 04:59:59.999,2589256.9424,2879,837890.0,838560.312,0
2024-01-20 05:00:00,1.0007,1.0008,1.0006,1.0008,7151114.0,2024-01-20 05:59:59.999,7156146.1082,3683,3459589.0,3462075.9778,0
2024-01-20 06:00:00,1.0007,1.0008,1.0007,1.0007,5415357.0,2024-01-20 06:59:59.999,5419435.3074,3400,2875575.0,2877875.46,0
2024-01-20 07:00:00,1.0007,1.0008,1.0005,1.0006,19163309.0,2024-01-20 07:59:59.999,19175005.0868,6973,9862338.0,9868394.054,0
2024-01-20 08:00:00,1.0005,1.0007,1.0005,1.0007,10981941.0,2024-01-20 08:59:59.999,10988816.4284,4849,6911412.0,6915898.0358,0
2024-01-20 09:00:00,1.0006,1.0008,1.0006,1.0007,14218718.0,2024-01-20 09:59:59.999,14228694.6511,10984,7586287.0,7591862.1312,0
2024-01-20 10:00:00,1.0007,1.0008,1.0007,1.0007,8046650.0,2024-01-20 10:59:59.999,8052743.6948,2991,4610398.0,4614086.3184,0
2024-01-20 11:00:00,1.0007,1.0008,1.0006,1.0007,9766347.0,2024-01-20 11:59:59.999,9773206.2768,3412,3412929.0,3415433.8238,0
2024-01-20 12:00:00,1.0007,1.0008,1.0006,1.0006,7320424.0,2024-01-20 12:59:59.999,7325320.375,3219,4277462.0,4280471.8801,0
2024-01-20 13:00:00,1.0006,1.0007,1.0006,1.0006,5659784.0,2024-01-20 13:59:59.999,5663480.7317,2611,3008613.0,3010719.0291,0
2024-01-20 14:00:00,1.0006,1.0008,1.0006,1.0007,8376719.0,2024-01-20 14:59:59.999,8382254.6869,3914,3639813.0,3642369.7352,0
2024-01-20 15:00:00,1.0007,1.0008,1.0006,1.0007,11473498.0,2024-01-20 15:59:59.999,11482128.8501,4506,6642446.0,6647696.9409,0
2024-01-20 16:00:00,1.0007,1.0008,1.0006,1.0007,7193672.0,2024-01-20 16:59:59.999,7198876.7653,5152,2471199.0,2473122.4098,0
2024-01-20 17:00:00,1.0006,1.0007,1.0006,1.0007,5073467.0,2024-01-20 17:59:59.999,5076776.1913,3120,2651111.0,2652966.7777,0
2024-01-20 18:00:00,1.0007,1.0008,1.0006,1.0007,7098686.0,2024-01-20 18:59:59.999,7103819.0701,2777,4095470.0,4098513.7369,0
2024-01-20 19:00:00,1.0007,1.0009,1.0007,1.0009,5502733.0,2024-01-20 19:59:59.999,5507208.0438,3275,3261095.0,3263894.9705,0
2024-01-20 20:00:00,1.0008,1.0009,1.0008,1.0009,8188357.0,2024-01-20 20:59:59.999,8195376.3786,2840,4686930.0,4691148.237,0
2024-01-20 21:00:00,1.0008,1.0009,1.0008,1.0009,5778203.0,2024-01-20 21:59:59.999,5783147.0865,3659,3215241.0,3218134.7169,0
2024-01-20 22:00:00,1.0009,1.0009,1.0008,1.0008,4927915.0,2024-01-20 22:59:59.999,4932063.7451,2985,2064131.0,2065988.7179,0
2024-01-20 23:00:00,1.0009,1.0009,1.0007,1.0007,4758960.0,2024-01-20 23:59:59.999,4762820.4879,2988,1994934.0,1996645.8032,0
2024-01-21 00:00:00,1.0007,1.0008,1.0007,1.0008,6380154.0,2024-01-21 00:59:59.999,6384824.0948,4426,2039870.0,2041501.896,0
2024-01-21 01:00:00,1.0007,1.0008,1.0007,1.0008,8959868.0,2024-01-21 01:59:59.999,8966535.4362,2928,3955286.0,3958450.2288,0
2024-01-21 02:00:00,1.0008,1.0008,1.0005,1.0007,8722899.0,2024-01-21 02:59:59.999,8728494.7429,3752,4692934.0,4696017.8073,0
2024-01-21 03:00:00,1.0007,1.0007,1.0006,1.0006,4545861.0,2024-01-21 03:59:59.999,4548812.6599,3186,2241433.0,2243002.0031,0
2024-01-21 04:00:00,1.0007,1.0007,1.0005,1.0006,7648626.0,2024-01-21 04:59:59.999,7653050.2873,2682,2020931.0,2022170.1069,0
2024-01-21 05:00:00,1.0006,1.0007,1.0005,1.0007,4764396.0,2024-01-21 05:59:59.999,4767461.5656,2602,2961804.0,2963790.4142,0
2024-01-21 06:00:00,1.0007,1.0007,1.0006,1.0007,4706449.0,2024-01-21 06:59:59.999,4709532.3793,2631,2595099.0,2596915.5693,0
2024-01-21 07:00:00,1.0006,1.0007,1.0006,1.0006,6264106.0,2024-01-21 07:59:59.999,6268257.2553,2552,3927917.0,3930666.5419,0
2024-01-21 08:00:00,1.0007,1.0007,1.0001,1.0006,20999020.0,2024-01-21 08:59:59.999,21009222.9566,5401,7780710.0,7784986.5688,0
2024-01-21 09:00:00,1.0006,1.0007,1.0005,1.0006,10907850.0,2024-01-21 09:59:59.999,10914713.8401,2677,5655061.0,5658845.7322,0
2024-01-21 10:00:00,1.0007,1.0008,1.0006,1.0007,10098981.0,2024-01-21 10:59:59.999,10105814.0807,3476,6068597.0,6072847.188,0
2024-01-21 11:00:00,1.0006,1.0008,1.0006,1.0006,8982587.0,2024-01-21 11:59:59.999,8988633.1446,4582,5086239.0,5089811.9681,0
2024-01-21 12:00:00,1.0007,1.0008,1.0006,1.0007,8500154.0,2024-01-21 12:59:59.999,8506327.2496,4625,5488790.0,5492947.4203,0
2024-01-21 13:00:00,1.0007,1.0008,1.0006,1.0006,7524204.0,2024-01-21 13:59:59.999,7529207.5438,4210,2180192.0,2181735.5287,0
2024-01-21 14:00:00,1.0007,1.0009,1.0005,1.0007,27835587.0,2024-01-21 14:59:59.999,27855574.0514,7076,13306254.0,13316150.2527,0
2024-01-21 15:00:00,1.0007,1.0008,1.0006,1.0006,9074551.0,2024-01-21 15:59:59.999,9080766.679,5587,2674738.0,2676729.6385,0
2024-01-21 16:00:00,1.0007,1.0007,1.0005,1.0007,10222423.0,2024-01-21 16:59:59.999,10228598.8526,4628,4894833.0,4897956.0429,0
2024-01-21 17:00:00,1.0006,1.0007,1.0006,1.0007,5857476.0,2024-01-21 17:59:59.999,5861318.9001,2698,3284145.0,3286443.9015,0
2024-01-21 18:00:00,1.0007,1.0007,1.0004,1.0006,19799043.0,2024-01-21 18:59:59.999,19810053.1132,3855,7990534.0,7995093.0495,0
2024-01-21 19:00:00,1.0006,1.0006,1.0005,1.0006,4835138.0,2024-01-21 19:59:59.999,4837763.5088,2261,2079398.0,2080645.6388,0
2024-01-21 20:00:00,1.0005,1.0006,1.0005,1.0005,4051802.0,2024-01-21 20:59:59.999,4053992.3095,2795,1644085.0,1645071.451,0
2024-01-21 21:00:00,1.0006,1.0007,1.0005,1.0007,7322763.0,2024-01-21 21:59:59.999,7327003.5788,2916,5346369.0,5349591.3169,0
2024-01-21 22:00:00,1.0006,1.0007,1.0006,1.0007,4837589.0,2024-01-21 22:59:59.999,4840647.076,3325,1555226.0,1556314.6582,0
2024-01-21 23:00:00,1.0006,1.0007,1.0006,1.0006,7406701.0,2024-01-21 23:59:59.999,7411515.76,3500,3707394.0,3709989.1758,0
2024-01-22 00:00:00,1.0007,1.0008,1.0006,1.0007,13793207.0,2024-01-22 00:59:59.999,13803046.3459,5259,7637661.0,7643296.5457,0
2024-01-22 01:00:00,1.0007,1.0009,1.0006,1.0007,24055203.0,2024-01-22 01:59:59.999,24072213.0328,9015,13125214.0,13134895.5083,0
2024-01-22 02:00:00,1.0008,1.0008,1.0006,1.0006,12412266.0,2024-01-22 02:59:59.999,12420520.2395,4837,5607064.0,5611053.7165,0
2024-01-22 03:00:00,1.0007,1.0009,1.0006,1.0008,22365082.0,2024-01-22 03:59:59.999,22381852.2339,8807,13745735.0,13756365.7689,0
2024-01-22 04:00:00,1.0009,1.0009,1.0007,1.0008,17340031.0,2024-01-22 04:59:59.999,17354276.6725,5563,7915730.0,7922518.724,0
2024-01-22 05:00:00,1.0008,1.001,1.0007,1.0009,25071031.0,2024-01-22 05:59:59.999,25092312.4632,8979,13045260.0,13056530.1566,0
2024-01-22 06:00:00,1.001,1.0011,1.0008,1.0009,26636512.0,2024-01-22 06:59:59.999,26662085.4564,6496,13601872.0,13615437.8582,0
2024-01-22 07:00:00,1.001,1.0011,1.0009,1.001,20701868.0,2024-01-22 07:59:59.999,20722831.0685,4768,11168881.0,11180488.9036,0
2024-01-22 08:00:00,1.001,1.0011,1.0009,1.001,19031406.0,2024-01-22 08:59:59.999,19049575.7011,6788,8886263.0,8895164.1317,0
2024-01-22 09:00:00,1.0011,1.0011,1.0009,1.0009,25258329.0,2024-01-22 09:59:59.999,25282600.004,9665,10417258.0,10427761.3654,0
2024-01-22 10:00:00,1.0009,1.001,1.0007,1.0008,35466843.0,2024-01-22 10:59:59.999,35496643.9086,12071,16656576.0,16671108.0782,0
2024-01-22 11:00:00,1.0008,1.001,1.0008,1.0009,21281236.0,2024-01-22 11:59:59.999,21300895.5698,7891,13950922.0,13964127.8743,0
2024-01-22 12:00:00,1.001,1.0011,1.0009,1.0009,16654974.0,2024-01-22 12:59:59.999,16670997.3717,8996,8591101.0,8599694.3502,0
2024-01-22 13:00:00,1.001,1.0012,1.0008,1.0008,21764662.0,2024-01-22 13:59:59.999,21786269.8798,8450,9117739.0,9127360.0276,0
2024-01-22 14:00:00,1.0009,1.0009,1.0006,1.0007,31882981.0,2024-01-22 14:59:59.999,31907096.0969,10687,14376896.0,14388063.3242,0
2024-01-22 15:00:00,1.0008,1.0013,1.0007,1.0012,51658163.0,2024-01-22 15:59:59.999,51710486.7813,19339,35345100.0,35381324.8374,0
2024-01-22 16:00:00,1.0013,1.0014,1.001,1.0011,48951375.0,2024-01-22 16:59:59.999,49009330.564,19285,25102143.0,25132202.3168,0
2024-01-22 17:00:00,1.0011,1.0012,1.0011,1.0011,13721627.0,2024-01-22 17:59:59.999,13737636.0326,11236,9152429.0,9163411.9148,0
2024-01-22 18:00:00,1.0012,1.0012,1.0009,1.001,24752000.0,2024-01-22 18:59:59.999,24778153.612,11116,11076566.0,11088480.2301,0
2024-01-22 19:00:00,1.0011,1.0014,1.001,1.001,41583252.0,2024-01-22 19:59:59.999,41632031.7615,22833,19229465.0,19252482.1837,0
2024-01-22 20:00:00,1.001,1.0012,1.0006,1.0006,52622458.0,2024-01-22 20:59:59.999,52668643.6755,21952,18743469.0,18760942.6695,0
2024-01-22 21:00:00,1.0007,1.0011,1.0006,1.001,27853418.0,2024-01-22 21:59:59.999,27879726.8156,11260,15662520.0,15677059.4303,0
2024-01-22 22:00:00,1.001,1.0012,1.0009,1.001,29533653.0,2024-01-22 22:59:59.999,29564243.6184,9405,15347615.0,15363670.0408,0
2024-01-22 23:00:00,1.001,1.0012,1.001,1.0012,16441249.0,2024-01-22 23:59:59.999,16459252.7051,8682,9530640.0,9541229.2766,0
2024-01-23 00:00:00,1.0012,1.0012,1.0011,1.0011,12019011.0,2024-01-23 00:59:59.999,12032748.8835,7217,5169714.0,5175917.6568,0
2024-01-23 01:00:00,1.0012,1.0012,1.001,1.001,13707077.0,2024-01-23 01:59:59.999,13722001.2318,6761,6088652.0,6095503.3246,0
2024-01-23 02:00:00,1.0011,1.0011,1.001,1.001,6666864.0,2024-01-23 02:59:59.999,6673933.6052,4697,4027412.0,4031842.1532,0
2024-01-23 03:00:00,1.0011,1.0012,1.001,1.001,12292283.0,2024-01-23 03:59:59.999,12305432.2723,6998,5755895.0,5762238.0254,0
2024-01-23 04:00:00,1.001,1.0011,1.0009,1.0009,7643831.0,2024-01-23 04:59:59.999,7651219.2675,4378,2591392.0,2594001.425,0
2024-01-23 05:00:00,1.0009,1.0011,1.0009,1.001,13856935.0,2024-01-23 05:59:59.999,13870828.2173,4719,7116884.0,7124152.7274,0
2024-01-23 06:00:00,1.0011,1.0011,1.0009,1.0009,19555509.0,2024-01-23 06:59:59.999,19574782.3232,5514,8693874.0,8702672.2266,0
2024-01-23 07:00:00,1.0009,1.0011,1.0009,1.001,21110289.0,2024-01-23 07:59:59.999,21131397.2534,9774,10073120.0,10083455.891,0
2024-01-23 08:00:00,1.0011,1.0012,1.0009,1.0009,37544135.0,2024-01-23 08:59:59.999,37583163.1251,15718,17287793.0,17306385.9795,0
2024-01-23 09:00:00,1.0009,1.001,1.0008,1.0009,51097697.0,2024-01-23 09:59:59.999,51143544.4533,26000,19260950.0,19278988.1549,0
2024-01-23 10:00:00,1.001,1.001,1.0007,1.0008,30374716.0,2024-01-23 10:59:59.999,30400644.231,13339,11635958.0,11646483.1501,0
2024-01-23 11:00:00,1.0008,1.0012,1.0007,1.0011,31338178.0,2024-01-23 11:59:59.999,31366663.4025,14152,18184298.0,18201335.8139,0
2024-01-23 12:00:00,1.0011,1.0014,1.001,1.0013,40742437.0,2024-01-23 12:59:59.999,40789498.7352,15730,22779502.0,22806283.1334,0
2024-01-23 13:00:00,1.0013,1.0013,1.0011,1.0012,27849333.0,2024-01-23 13:59:59.999,27883625.878,9784,13648612.0,13665958.0816,0
2024-01-23 14:00:00,1.0012,1.0013,1.001,1.0013,53761253.0,2024-01-23 14:59:59.999,53823791.1085,20754,24883691.0,24913646.2462,0
2024-01-23 15:00:00,1.0013,1.0016,1.0011,1.0011,54426801.0,2024-01-23 15:59:59.999,54497909.5813,19253,26561524.0,26597234.5857,0
2024-01-23 16:00:00,1.0012,1.0013,1.0009,1.0011,44658276.0,2024-01-23 16:59:59.999,44705741.1886,14666,18190892.0,18210802.4101,0
2024-01-23 17:00:00,1.0011,1.0012,1.001,1.001,24499979.0,2024-01-23 17:59:59.999,24526761.5836,10120,10356291.0,10368251.7555,0
2024-01-23 18:00:00,1.001,1.0011,1.0009,1.001,15649168.0,2024-01-23 18:59:59.999,15665226.8332,9541,6050962.0,6057472.9338,0
2024-01-23 19:00:00,1.001,1.0011,1.0008,1.0009,27513796.0,2024-01-23 19:59:59.999,27540564.0588,7222,9431098.0,9440674.0604,0
2024-01-23 20:00:00,1.001,1.001,1.0008,1.001,31694807.0,2024-01-23 20:59:59.999,31723420.0566,10506,14856118.0,14869843.1274,0
2024-01-23 21:00:00,1.0009,1.0011,1.0009,1.0009,15723295.0,2024-01-23 21:59:59.999,15739109.7704,7783,8577351.0,8586161.127,0
2024-01-23 22:00:00,1.001,1.001,1.0009,1.0009,8603366.0,2024-01-23 22:59:59.999,8611486.836,6418,3778066.0,3781844.066,0
2024-01-23 23:00:00,1.001,1.001,1.0008,1.0008,10224498.0,2024-01-23 23:59:59.999,10233316.2822,9736,2963736.0,2966458.5138,0
2024-01-24 00:00:00,1.0008,1.0009,1.0007,1.0007,17433037.0,2024-01-24 00:59:59.999,17446958.2154,12236,6820106.0,6825736.9038,0
2024-01-24 01:00:00,1.0007,1.0008,1.0005,1.0007,24820939.0,2024-01-24 01:59:59.999,24836879.0047,10557,9395450.0,9401983.7497,0
2024-01-24 02:00:00,1.0007,1.0008,1.0006,1.0006,11844164.0,2024-01-24 02:59:59.999,11851888.2764,5500,6097479.0,6101754.2302,0
2024-01-24 03:00:00,1.0007,1.0008,1.0006,1.0008,9914822.0,2024-01-24 03:59:59.999,9921702.4115,5185,6210997.0,6215468.1452,0
2024-01-24 04:00:00,1.0008,1.0008,1.0007,1.0007,9695913.0,2024-01-24 04:59:59.999,9703253.9196,4085,5537805.0,5542235.244,0
2024-01-24 05:00:00,1.0008,1.001,1.0007,1.001,21578182.0,2024-01-24 05:59:59.999,21597496.0424,6506,12766923.0,12778562.9516,0
2024-01-24 06:00:00,1.001,1.0011,1.0009,1.001,14231094.0,2024-01-24 06:59:59.999,14245008.2158,5584,6328149.0,6334560.5663,0
2024-01-24 07:00:00,1.0011,1.0012,1.0009,1.001,33565969.0,2024-01-24 07:59:59.999,33600562.7074,7997,16555433.0,16572846.4663,0
2024-01-24 08:00:00,1.001,1.0012,1.0009,1.001,22094029.0,2024-01-24 08:59:59.999,22116530.3444,7633,12719617.0,12732918.4997,0
2024-01-24 09:00:00,1.001,1.0011,1.0008,1.0008,26432299.0,2024-01-24 09:59:59.999,26456040.5208,8131,6746159.0,6752515.6966,0
2024-01-24 10:00:00,1.0008,1.001,1.0007,1.0008,18090292.0,2024-01-24 10:59:59.999,18105639.5983,10022,7275609.0,7282040.7592,0
2024-01-24 11:00:00,1.0009,1.0009,1.0005,1.0006,20962715.0,2024-01-24 11:59:59.999,20978002.2697,9555,6823818.0,6828990.6654,0
2024-01-24 12:00:00,1.0006,1.0008,1.0005,1.0006,23485579.0,2024-01-24 12:59:59.999,23499949.9202,7643,9895693.0,9902288.0645,0
2024-01-24 13:00:00,1.0005,1.0008,1.0005,1.0005,25691498.0,2024-01-24 13:59:59.999,25707940.1209,8003,11006483.0,11013835.9754,0
2024-01-24 14:00:00,1.0005,1.0009,1.0005,1.0006,37633761.0,2024-01-24 14:59:59.999,37659672.56,11053,17264643.0,17276939.7671,0
2024-01-24 15:00:00,1.0006,1.0007,1.0004,1.0005,36701119.0,2024-01-24 15:59:59.999,36720821.0544,8388,18032660.0,18042671.7698,0
2024-01-24 16:00:00,1.0006,1.0007,1.0004,1.0007,23743154.0,2024-01-24 16:59:59.999,23756193.8151,8692,11656720.0,11663648.8222,0
2024-01-24 17:00:00,1.0006,1.0007,1.0004,1.0005,18400165.0,2024-01-24 17:59:59.999,18410552.1831,10335,7479352.0,7483961.3271,0
2024-01-24 18:00:00,1.0004,1.0007,1.0003,1.0005,24083666.0,2024-01-24 18:59:59.999,24095758.052,7947,15088280.0,15095916.2116,0
2024-01-24 19:00:00,1.0006,1.0008,1.0005,1.0006,16582485.0,2024-01-24 19:59:59.999,16593092.0311,5208,9843302.0,9849670.0321,0
2024-01-24 20:00:00,1.0006,1.0007,1.0003,1.0005,35969088.0,2024-01-24 20:59:59.999,35988183.5821,8915,18707622.0,18717790.9359,0
2024-01-24 21:00:00,1.0006,1.0008,1.0005,1.0006,14855362.0,2024-01-24 21:59:59.999,14865050.7095,5593,8126018.0,8131390.0764,0
2024-01-24 22:00:00,1.0006,1.0007,1.0005,1.0005,9732418.0,2024-01-24 22:59:59.999,9738151.5345,5126,3437456.0,3439608.9794,0
2024-01-24 23:00:00,1.0006,1.0006,1.0004,1.0005,14294713.0,2024-01-24 23:59:59.999,14301925.6946,7886,6147866.0,6151154.8811,0
2024-01-25 00:00:00,1.0004,1.0005,1.0004,1.0004,10905647.0,2024-01-25 00:59:59.999,10910556.8883,6354,5476295.0,5479033.1475,0
2024-01-25 01:00:00,1.0004,1.0005,1.0003,1.0004,16025242.0,2024-01-25 01:59:59.999,16031226.5473,5732,7659634.0,7662815.2861,0
2024-01-25 02:00:00,1.0003,1.0005,1.0003,1.0004,18348403.0,2024-01-25 02:59:59.999,18355628.288,4323,8904991.0,8908591.3302,0
2024-01-25 03:00:00,1.0004,1.0006,1.0003,1.0005,13409924.0,2024-01-25 03:59:59.999,13415884.875,3811,8753173.0,8757247.1522,0
2024-01-25 04:00:00,1.0006,1.0006,1.0004,1.0005,8417940.0,2024-01-25 04:59:59.999,8422289.2578,4783,2766014.0,2767582.0646,0
2024-01-25 05:00:00,1.0004,1.0006,1.0004,1.0006,11130950.0,2024-01-25 05:59:59.999,11136452.6371,4583,5212822.0,5215542.186,0
2024-01-25 06:00:00,1.0005,1.0006,1.0003,1.0004,40702837.0,2024-01-25 06:59:59.999,40719799.135,8270,24108178.0,24118131.0456,0
2024-01-25 07:00:00,1.0005,1.0006,1.0004,1.0005,10810225.0,2024-01-25 07:59:59.999,10815326.6968,5706,7156819.0,7160424.1625,0
2024-01-25 08:00:00,1.0006,1.0007,1.0005,1.0007,14031132.0,2024-01-25 08:59:59.999,14038994.6855,4646,7430179.0,7434646.2659,0
2024-01-25 09:00:00,1.0006,1.0007,1.0004,1.0005,23519566.0,2024-01-25 09:59:59.999,23533278.005,6035,9375000.0,9381067.3573,0
2024-01-25 10:00:00,1.0005,1.0007,1.0004,1.0007,26633317.0,2024-01-25 10:59:59.999,26646109.7827,5967,14484859.0,14492531.0593,0
2024-01-25 11:00:00,1.0007,1.0007,1.0005,1.0006,14508151.0,2024-01-25 11:59:59.999,14517181.5971,5332,6659729.0,6664162.6688,0
2024-01-25 12:00:00,1.0006,1.0006,1.0004,1.0005,11610287.0,2024-01-25 12:59:59.999,11616086.1792,7732,3256048.0,3257841.8889,0
2024-01-25 13:00:00,1.0005,1.0006,1.0004,1.0005,30095833.0,2024-01-25 13:59:59.999,30110186.904,6144,16454717.0,16462999.5153,0
2024-01-25 14:00:00,1.0006,1.0006,1.0004,1.0005,23955529.0,2024-01-25 14:59:59.999,23967216.7621,8146,12441860.0,12448296.3787,0
2024-01-25 15:00:00,1.0005,1.0006,1.0004,1.0005,19846440.0,2024-01-25 15:59:59.999,19855970.8343,9684,11892089.0,11898365.9536,0
2024-01-25 16:00:00,1.0006,1.0008,1.0005,1.0006,37839742.0,2024-01-25 16:59:59.999,37862430.1684,10706,20907893.0,20920989.2905,0
2024-01-25 17:00:00,1.0006,1.0008,1.0006,1.0006,17819280.0,2024-01-25 17:59:59.999,17831202.8771,7632,11782744.0,11790992.0904,0
2024-01-25 18:00:00,1.0007,1.0009,1.0004,1.0006,47995328.0,2024-01-25 18:59:59.999,48025331.95,14357,21825559.0,21839845.7212,0
2024-01-25 19:00:00,1.0005,1.0006,1.0004,1.0006,14038260.0,2024-01-25 19:59:59.999,14045878.9931,4779,9084272.0,9089430.3328,0
2024-01-25 20:00:00,1.0005,1.0008,1.0005,1.0008,14131806.0,2024-01-25 20:59:59.999,14140727.4977,5290,10014146.0,10020634.0203,0
2024-01-25 21:00:00,1.0008,1.0009,1.0006,1.0006,8510918.0,2024-01-25 21:59:59.999,8517175.342,3485,2443337.0,2445271.9409,0
2024-01-25 22:00:00,1.0006,1.0007,1.0005,1.0005,6368244.0,2024-01-25 22:59:59.999,6371794.8886,3073,1227395.0,1228131.4437,0
2024-01-25 23:00:00,1.0005,1.0006,1.0005,1.0005,3317376.0,2024-01-25 23:59:59.999,3319214.9977,2177,1803097.0,1804178.8582,0
2024-01-26 00:00:00,1.0006,1.0006,1.0005,1.0005,7569029.0,2024-01-26 00:59:59.999,7573286.4537,3223,4729392.0,4732229.6352,0
2024-01-26 01:00:00,1.0005,1.0006,1.0004,1.0004,18839457.0,2024-01-26 01:59:59.999,18848788.8742,7243,10390047.0,10395302.324,0
2024-01-26 02:00:00,1.0005,1.0006,1.0004,1.0005,21046369.0,2024-01-26 02:59:59.999,21057483.8978,11894,12224195.0,12230927.1486,0
2024-01-26 03:00:00,1.0006,1.0006,1.0005,1.0005,7504803.0,2024-01-26 03:59:59.999,7508909.0997,6306,3536982.0,3539104.1892,0
2024-01-26 04:00:00,1.0006,1.0007,1.0005,1.0006,10478264.0,2024-01-26 04:59:59.999,10484521.4124,5436,8447813.0,8452949.2429,0
2024-01-26 05:00:00,1.0006,1.0007,1.0006,1.0006,11259344.0,2024-01-26 05:59:59.999,11266717.6951,3594,6180887.0,6185213.6209,0
2024-01-26 06:00:00,1.0006,1.0007,1.0006,1.0006,9682990.0,2024-01-26 06:59:59.999,9688957.4938,3402,1576998.0,1578101.8986,0
2024-01-26 07:00:00,1.0007,1.0007,1.0005,1.0005,24264476.0,2024-01-26 07:59:59.999,24278897.6759,4893,11320964.0,11327921.2352,0
2024-01-26 08:00:00,1.0006,1.0007,1.0005,1.0006,12312910.0,2024-01-26 08:59:59.999,12320302.0292,6583,6484160.0,6488209.7823,0
2024-01-26 09:00:00,1.0007,1.0008,1.0006,1.0006,18860372.0,2024-01-26 09:59:59.999,18872998.0822,5455,8437599.0,8443636.8405,0
2024-01-26 10:00:00,1.0006,1.0009,1.0006,1.0007,29361696.0,2024-01-26 10:59:59.999,29384157.4767,7661,18832081.0,18846921.8926,0
2024-01-26 11:00:00,1.0007,1.0009,1.0007,1.0007,17840775.0,2024-01-26 11:59:59.999,17854988.878,11400,10774061.0,10782912.6533,0
2024-01-26 12:00:00,1.0007,1.0008,1.0006,1.0006,26097735.0,2024-01-26 12:59:59.999,26116809.6017,10404,12514067.0,12523830.4202,0
2024-01-26 13:00:00,1.0007,1.0008,1.0006,1.0007,17949420.0,2024-01-26 13:59:59.999,17961481.8391,6737,10436745.0,10444127.8634,0
2024-01-26 14:00:00,1.0007,1.0008,1.0005,1.0006,34759910.0,2024-01-26 14:59:59.999,34782260.9591,11311,13567576.0,13576707.9621,0
2024-01-26 15:00:00,1.0005,1.0007,1.0005,1.0006,19579293.0,2024-01-26 15:59:59.999,19590677.2352,9009,12609497.0,12617290.4801,0
2024-01-26 16:00:00,1.0006,1.0007,1.0004,1.0004,37846198.0,2024-01-26 16:59:59.999,37865787.6669,16281,13624496.0,13632141.2129,0
2024-01-26 17:00:00,1.0004,1.0005,1.0003,1.0004,37617920.0,2024-01-26 17:59:59.999,37634339.5386,14008,17402980.0,17411340.5333,0
2024-01-26 18:00:00,1.0004,1.0006,1.0004,1.0004,40299870.0,2024-01-26 18:59:59.999,40318180.7408,10673,20437156.0,20447374.8269,0
2024-01-26 19:00:00,1.0004,1.0005,1.0002,1.0003,49521193.0,2024-01-26 19:59:59.999,49537394.6354,13809,19108384.0,19114950.5187,0
2024-01-26 20:00:00,1.0003,1.0004,1.0002,1.0002,23699458.0,2024-01-26 20:59:59.999,23706245.5294,8249,11718918.0,11722491.8286,0
2024-01-26 21:00:00,1.0002,1.0005,1.0002,1.0002,29514460.0,2024-01-26 21:59:59.999,29524836.6174,8481,15423480.0,15429128.3176,0
2024-01-26 22:00:00,1.0002,1.0003,1.0002,1.0002,7859761.0,2024-01-26 22:59:59.999,7861657.3926,5310,3244404.0,3245377.3212,0
2024-01-26 23:00:00,1.0003,1.0003,1.0001,1.0002,14048410.0,2024-01-26 23:59:59.999,14051228.0556,3258,5190474.0,5191689.0313,0
2024-01-27 00:00:00,1.0002,1.0003,1.0002,1.0002,9037143.0,2024-01-27 00:59:59.999,9039357.5148,6255,4070862.0,4072083.2586,0
2024-01-27 01:00:00,1.0002,1.0003,1.0002,1.0002,6744578.0,2024-01-27 01:59:59.999,6746222.1599,6444,2952443.0,2953328.7329,0
2024-01-27 02:00:00,1.0002,1.0003,1.0002,1.0002,4179654.0,2024-01-27 02:59:59.999,4180634.6216,3200,1446908.0,1447342.0724,0
2024-01-27 03:00:00,1.0002,1.0003,1.0002,1.0002,7465445.0,2024-01-27 03:59:59.999,7467352.4014,2015,4143124.0,4144366.9372,0
2024-01-27 04:00:00,1.0003,1.0003,1.0002,1.0002,8377100.0,2024-01-27 04:59:59.999,8379173.8053,3356,3983853.0,3985048.1559,0
2024-01-27 05:00:00,1.0003,1.0003,1.0002,1.0003,4192974.0,2024-01-27 05:59:59.999,4193969.2364,3631,1566416.0,1566885.9248,0
2024-01-27 06:00:00,1.0002,1.0003,1.0002,1.0002,4072738.0,2024-01-27 06:59:59.999,4073811.1768,2458,2586292.0,2587067.8876,0
2024-01-27 07:00:00,1.0002,1.0003,1.0002,1.0003,5341318.0,2024-01-27 07:59:59.999,5342571.2331,3507,1849695.0,1850249.9085,0
2024-01-27 08:00:00,1.0003,1.0003,1.0002,1.0003,6814198.0,2024-01-27 08:59:59.999,6816051.8323,3725,4909927.0,4911399.9781,0
2024-01-27 09:00:00,1.0003,1.0004,1.0002,1.0003,12582457.0,2024-01-27 09:59:59.999,12586132.1576,5020,9425584.0,9428463.8112,0
2024-01-27 10:00:00,1.0003,1.0004,1.0002,1.0002,10565600.0,2024-01-27 10:59:59.999,10568683.6998,6444,1744869.0,1745473.2645,0
2024-01-27 11:00:00,1.0002,1.0003,1.0002,1.0003,3846116.0,2024-01-27 11:59:59.999,3846988.0294,3313,1028062.0,1028370.4186,0
2024-01-27 12:00:00,1.0002,1.0003,1.0002,1.0003,3201046.0,2024-01-27 12:59:59.999,3201871.4266,2734,1852174.0,1852729.6522,0
2024-01-27 13:00:00,1.0003,1.0003,1.0002,1.0003,10859654.0,2024-01-27 13:59:59.999,10862595.8487,3753,7699179.0,7701488.7537,0
2024-01-27 14:00:00,1.0002,1.0003,1.0002,1.0003,7688559.0,2024-01-27 14:59:59.999,7690455.1924,4690,3584806.0,3585881.4418,0
2024-01-27 15:00:00,1.0002,1.0003,1.0002,1.0002,4457565.0,2024-01-27 15:59:59.999,4458526.0043,5155,694913.0,695121.4739,0
2024-01-27 16:00:00,1.0002,1.0003,1.0001,1.0001,12495325.0,2024-01-27 16:59:59.999,12497583.4423,6419,1953451.0,1953936.5962,0
2024-01-27 17:00:00,1.0001,1.0002,1.0,1.0001,13530191.0,2024-01-27 17:59:59.999,13531612.9071,3726,7555622.0,7556477.5185,0
2024-01-27 18:00:00,1.0001,1.0002,1.0001,1.0002,2924265.0,2024-01-27 18:59:59.999,2924667.6997,4276,1102732.0,1102952.5464,0
2024-01-27 19:00:00,1.0001,1.0002,1.0001,1.0001,3874103.0,2024-01-27 19:59:59.999,3874666.9566,2827,1765463.0,1765816.0926,0
2024-01-27 20:00:00,1.0002,1.0002,1.0001,1.0002,4708929.0,2024-01-27 20:59:59.999,4709539.4771,5153,1395842.0,1396121.1684,0
2024-01-27 21:00:00,1.0001,1.0002,1.0001,1.0001,4655099.0,2024-01-27 21:59:59.999,4655677.2537,4731,1127438.0,1127663.4876,0
2024-01-27 22:00:00,1.0001,1.0002,1.0,1.0001,4796806.0,2024-01-27 22:59:59.999,4797109.1955,3259,1329923.0,1330060.9339,0
2024-01-27 23:00:00,1.0,1.0002,1.0,1.0001,6327199.0,2024-01-27 23:59:59.999,6327787.873,3787,3716943.0,3717347.8662,0
2024-01-28 00:00:00,1.0,1.0002,1.0,1.0,9860032.0,2024-01-28 00:59:59.999,9860781.4481,5046,5614937.0,5615505.8303,0
2024-01-28 01:00:00,1.0001,1.0002,1.0,1.0001,10649224.0,2024-01-28 01:59:59.999,10650533.6165,5747,6784895.0,6785906.7076,0
2024-01-28 02:00:00,1.0001,1.0002,1.0,1.0,3994719.0,2024-01-28 02:59:59.999,3995087.7605,3245,1927881.0,1928149.1347,0
2024-01-28 03:00:00,1.0,1.0002,1.0,1.0002,5440072.0,2024-01-28 03:59:59.999,5440798.137,4979,3689864.0,3690421.8158,0
2024-01-28 04:00:00,1.0002,1.0002,1.0001,1.0002,5976275.0,2024-01-28 04:59:59.999,5977310.3143,5651,4376868.0,4377743.3736,0
2024-01-28 05:00:00,1.0002,1.0002,1.0001,1.0002,9594846.0,2024-01-28 05:59:59.999,9596488.3046,5623,6828200.0,6829565.64,0
2024-01-28 06:00:00,1.0002,1.0002,1.0001,1.0001,6108161.0,2024-01-28 06:59:59.999,6108960.5616,6413,1887455.0,1887832.491,0
2024-01-28 07:00:00,1.0001,1.0002,1.0001,1.0001,10641551.0,2024-01-28 07:59:59.999,10643068.8683,7567,4537132.0,4538039.4264,0
2024-01-28 08:00:00,1.0001,1.0002,1.0,1.0001,10357629.0,2024-01-28 08:59:59.999,10358775.8145,9898,2158031.0,2158407.8248,0
2024-01-28 09:00:00,1.0001,1.0002,1.0,1.0001,7922189.0,2024-01-28 09:59:59.999,7922870.6994,3234,6351337.0,6351992.6338,0
2024-01-28 10:00:00,1.0001,1.0002,1.0,1.0002,10415717.0,2024-01-28 10:59:59.999,10416439.8549,4096,4408882.0,4409373.7893,0
2024-01-28 11:00:00,1.0001,1.0002,1.0,1.0,14323711.0,2024-01-28 11:59:59.999,14325335.9347,7234,7080543.0,7081604.31,0
2024-01-28 12:00:00,1.0001,1.0002,1.0,1.0002,9223328.0,2024-01-28 12:59:59.999,9224266.3318,6454,5177234.0,5177865.504,0
2024-01-28 13:00:00,1.0001,1.0002,1.0001,1.0001,5822213.0,2024-01-28 13:59:59.999,5823121.401,3724,3261797.0,3262449.3594,0
2024-01-28 14:00:00,1.0001,1.0002,1.0001,1.0001,9739652.0,2024-01-28 14:59:59.999,9741019.8554,6064,3938902.0,3939689.7804,0
2024-01-28 15:00:00,1.0001,1.0002,1.0001,1.0002,11261992.0,2024-01-28 15:59:59.999,11263656.3635,4382,5381643.0,5382719.3286,0
2024-01-28 16:00:00,1.0002,1.0002,1.0001,1.0001,7802216.0,2024-01-28 16:59:59.999,7803410.3989,6271,4141773.0,4142601.3546,0
2024-01-28 17:00:00,1.0001,1.0002,1.0001,1.0002,8810090.0,2024-01-28 17:59:59.999,8811614.7798,5428,6437708.0,6438995.5416,0
2024-01-28 18:00:00,1.0001,1.0002,1.0001,1.0001,3793282.0,2024-01-28 18:59:59.999,3793901.199,3667,2398708.0,2399187.7416,0
2024-01-28 19:00:00,1.0001,1.0002,1.0001,1.0001,5175093.0,2024-01-28 19:59:59.999,5175781.5708,4078,1710615.0,1710957.123,0
2024-01-28 20:00:00,1.0001,1.0002,1.0001,1.0002,5857839.0,2024-01-28 20:59:59.999,5858812.9955,4945,3882116.0,3882892.4232,0
2024-01-28 21:00:00,1.0001,1.0002,1.0001,1.0001,4073507.0,2024-01-28 21:59:59.999,4074154.2537,2837,2399030.0,2399509.806,0
2024-01-28 22:00:00,1.0001,1.0002,1.0001,1.0002,6439991.0,2024-01-28 22:59:59.999,6440928.8303,4257,2938312.0,2938899.6624,0
2024-01-28 23:00:00,1.0002,1.0002,1.0001,1.0001,10018267.0,2024-01-28 23:59:59.999,10020130.1692,3571,7438761.0,7440248.7522,0
2024-01-29 00:00:00,1.0002,1.0002,1.0001,1.0001,6508934.0,2024-01-29 00:59:59.999,6509865.6855,6124,2807921.0,2808482.5842,0
2024-01-29 01:00:00,1.0002,1.0003,1.0001,1.0002,10439271.0,2024-01-29 01:59:59.999,10441581.2292,5565,6900348.0,6901968.9051,0
2024-01-29 02:00:00,1.0002,1.0003,1.0002,1.0002,9886713.0,2024-01-29 02:59:59.999,9889298.2494,4862,6079068.0,6080891.7204,0
2024-01-29 03:00:00,1.0003,1.0003,1.0002,1.0002,12303954.0,2024-01-29 03:59:59.999,12306973.1989,7747,5584081.0,5585756.2243,0
2024-01-29 04:00:00,1.0002,1.0003,1.0002,1.0002,7975896.0,2024-01-29 04:59:59.999,7977812.68,4089,3215008.0,3215972.5024,0
2024-01-29 05:00:00,1.0002,1.0004,1.0002,1.0003,16206103.0,2024-01-29 05:59:59.999,16210868.2855,4252,10434961.0,10438201.4256,0
2024-01-29 06:00:00,1.0003,1.0005,1.0003,1.0003,20208844.0,2024-01-29 06:59:59.999,20216788.9856,3224,11472886.0,11477788.0072,0
2024-01-29 07:00:00,1.0004,1.0004,1.0003,1.0003,10226723.0,2024-01-29 07:59:59.999,10230398.5446,4092,6075277.0,6077707.1108,0
2024-01-29 08:00:00,1.0003,1.0004,1.0003,1.0003,9438367.0,2024-01-29 08:59:59.999,9441656.2991,4965,4577890.0,4579721.156,0
2024-01-29 09:00:00,1.0004,1.0004,1.0002,1.0002,19820080.0,2024-01-29 09:59:59.999,19825644.7663,6474,6835198.0,6837527.4931,0
2024-01-29 10:00:00,1.0003,1.0003,1.0001,1.0002,31080903.0,2024-01-29 10:59:59.999,31087600.3273,4927,13336400.0,13339602.5468,0
2024-01-29 11:00:00,1.0003,1.0003,1.0002,1.0002,14089356.0,2024-01-29 11:59:59.999,14092936.9913,3626,7631201.0,7633490.3603,0
2024-01-29 12:00:00,1.0002,1.0003,1.0002,1.0002,11612066.0,2024-01-29 12:59:59.999,11614992.5864,4175,6041732.0,6043544.5196,0
2024-01-29 13:00:00,1.0002,1.0003,1.0001,1.0002,29033171.0,2024-01-29 13:59:59.999,29039470.5891,8473,11998546.0,12001517.2452,0
2024-01-29 14:00:00,1.0003,1.0003,1.0002,1.0002,24705932.0,2024-01-29 14:59:59.999,24712205.9146,7589,13327282.0,13331280.1846,0
2024-01-29 15:00:00,1.0003,1.0005,1.0002,1.0004,37039411.0,2024-01-29 15:59:59.999,37052655.7784,9557,25129577.0,25138966.82,0
2024-01-29 16:00:00,1.0004,1.0005,1.0001,1.0002,72745343.0,2024-01-29 16:59:59.999,72766709.0039,18385,25923832.0,25931604.3485,0
2024-01-29 17:00:00,1.0003,1.0003,1.0001,1.0001,33479442.0,2024-01-29 17:59:59.999,33486632.7811,12532,12356876.0,12360303.7016,0
2024-01-29 18:00:00,1.0001,1.0002,1.0001,1.0001,17589064.0,2024-01-29 18:59:59.999,17591613.5444,6059,7906380.0,7907961.276,0
2024-01-29 19:00:00,1.0001,1.0002,1.0001,1.0001,26787603.0,2024-01-29 19:59:59.999,26791655.7393,6757,13739790.0,13742537.958,0
2024-01-29 20:00:00,1.0001,1.0002,1.0,1.0,17638750.0,2024-01-29 20:59:59.999,17640822.3332,7095,5542417.0,5543371.1218,0
2024-01-29 21:00:00,1.0,1.0001,1.0,1.0,15588705.0,2024-01-29 21:59:59.999,15589203.5783,7446,4985783.0,4986281.5783,0
2024-01-29 22:00:00,1.0,1.0001,1.0,1.0,12453516.0,2024-01-29 22:59:59.999,12454177.5981,7426,6615981.0,6616642.5981,0
2024-01-29 23:00:00,1.0,1.0001,1.0,1.0,9975664.0,2024-01-29 23:59:59.999,9976024.0773,7899,3600773.0,3601133.0773,0
2024-01-30 00:00:00,1.0001,1.0001,0.9999,1.0,18392341.0,2024-01-30 00:59:59.999,18392431.7051,5162,11390334.0,11390547.7948,0
2024-01-30 01:00:00,1.0,1.0001,1.0,1.0,15247308.0,2024-01-30 01:59:59.999,15248149.5098,6348,8415098.0,8415939.5098,0
2024-01-30 02:00:00,1.0,1.0001,1.0,1.0,15589985.0,2024-01-30 02:59:59.999,15590799.7503,5429,8147503.0,8148317.7503,0
2024-01-30 03:00:00,1.0001,1.0002,1.0,1.0001,17058870.0,2024-01-30 03:59:59.999,17061009.8374,5929,12311143.0,12312909.7529,0
2024-01-30 04:00:00,1.0002,1.0003,1.0001,1.0002,23969468.0,2024-01-30 04:59:59.999,23974645.3877,4258,11826028.0,11828789.7708,0
2024-01-30 05:00:00,1.0002,1.0003,1.0001,1.0002,18131670.0,2024-01-30 05:59:59.999,18135437.4513,5973,5949788.0,5951268.2296,0
2024-01-30 06:00:00,1.0002,1.0003,1.0001,1.0002,24200329.0,2024-01-30 06:59:59.999,24205593.9724,6553,14941242.0,14944996.3444,0
2024-01-30 07:00:00,1.0003,1.0004,1.0002,1.0003,22241285.0,2024-01-30 07:59:59.999,22247903.3758,3738,16202882.0,16207986.1562,0
2024-01-30 08:00:00,1.0003,1.0005,1.0002,1.0003,59828890.0,2024-01-30 08:59:59.999,59850615.2294,8501,33435832.0,33448238.3917,0
2024-01-30 09:00:00,1.0003,1.0004,1.0002,1.0002,10645228.0,2024-01-30 09:59:59.999,10648536.7795,3696,3118688.0,3119824.7036,0
2024-01-30 10:00:00,1.0003,1.0004,1.0002,1.0002,32005300.0,2024-01-30 10:59:59.999,32014175.3192,5679,20973293.0,20979619.2488,0
2024-01-30 11:00:00,1.0002,1.0004,1.0002,1.0002,21016766.0,2024-01-30 11:59:59.999,21022871.8028,6336,11650886.0,11654424.5916,0
2024-01-30 12:00:00,1.0003,1.0003,1.0001,1.0001,33831019.0,2024-01-30 12:59:59.999,33838125.8721,12934,12151531.0,12154716.3391,0
2024-01-30 13:00:00,1.0001,1.0003,1.0001,1.0001,41012303.0,2024-01-30 13:59:59.999,41019920.074,10223,18693587.0,18697640.6732,0
2024-01-30 14:00:00,1.0001,1.0002,1.0001,1.0001,25710976.0,2024-01-30 14:59:59.999,25714929.9811,8175,13828835.0,13831600.767,0
2024-01-30 15:00:00,1.0001,1.0002,0.9999,1.0001,73573654.0,2024-01-30 15:59:59.999,73579963.7148,13401,38551029.0,38555172.1905,0
2024-01-30 16:00:00,1.0002,1.0003,1.0,1.0001,55303132.0,2024-01-30 16:59:59.999,55311838.8893,15934,24632288.0,24637011.1335,0
2024-01-30 17:00:00,1.0001,1.0002,1.0,1.0001,43701240.0,2024-01-30 17:59:59.999,43707103.5176,10923,21996189.0,21999885.5129,0
2024-01-30 18:00:00,1.0001,1.0002,1.0001,1.0001,20702541.0,2024-01-30 18:59:59.999,20705652.7739,7794,10415198.0,10417281.0396,0
2024-01-30 19:00:00,1.0001,1.0002,1.0,1.0,27068500.0,2024-01-30 19:59:59.999,27070915.0489,6229,12515486.0,12517011.2351,0
2024-01-30 20:00:00,1.0,1.0001,0.9999,1.0,56906030.0,2024-01-30 20:59:59.999,56906568.8845,12336,25647392.0,25648122.9734,0
2024-01-30 21:00:00,1.0,1.0001,1.0,1.0,14760404.0,2024-01-30 21:59:59.999,14761401.4434,5168,9974434.0,9975431.4434,0
2024-01-30 22:00:00,1.0,1.0002,1.0,1.0,30697487.0,2024-01-30 22:59:59.999,30701186.6063,11630,15921644.0,15924020.3623,0
2024-01-30 23:00:00,1.0,1.0001,1.0,1.0001,20334851.0,2024-01-30 23:59:59.999,20335703.2037,7123,8522037.0,8522889.2037,0
2024-01-31 00:00:00,1.0,1.0001,0.9999,1.0001,42477285.0,2024-01-31 00:59:59.999,42477691.5067,11912,21325980.0,21326489.722,0
2024-01-31 01:00:00,1.0,1.0003,1.0,1.0003,25067461.0,2024-01-31 01:59:59.999,25070965.412,7368,20561234.0,20564338.0693,0
2024-01-31 02:00:00,1.0003,1.0005,1.0002,1.0003,32151738.0,2024-01-31 02:59:59.999,32162331.7623,8254,18987482.0,18994077.8159,0
2024-01-31 03:00:00,1.0004,1.0004,1.0002,1.0004,15429503.0,2024-01-31 03:59:59.999,15434543.9293,6077,8566994.0,8569976.6921,0
2024-01-31 04:00:00,1.0003,1.0005,1.0003,1.0005,16790508.0,2024-01-31 04:59:59.999,16796582.99,5087,9440709.0,9444512.948,0
2024-01-31 05:00:00,1.0004,1.0006,1.0003,1.0005,35828889.0,2024-01-31 05:59:59.999,35845941.1433,6767,18679566.0,18688731.476,0
2024-01-31 06:00:00,1.0005,1.0006,1.0004,1.0005,18338133.0,2024-01-31 06:59:59.999,18347499.0933,5297,11209291.0,11215285.6638,0
2024-01-31 07:00:00,1.0006,1.0008,1.0005,1.0007,36892725.0,2024-01-31 07:59:59.999,36915492.2178,7101,22498782.0,22512581.5467,0
